observation_id,crawl_id,dataset_version,domain_id,source_url,canonical_url,observed_at,page_role,browser_rendered,http_status_code,response_latency_ms,is_reachable,tls_valid,tls_version,certificate_expiry_days,axe_violations_count,critical_violations,serious_violations,moderate_violations,minor_violations,accessibility_score,has_missing_alts,lcp_ms,cls,fcp_ms,ttfb_ms,page_weight_bytes,lighthouse_performance_score,detected_primary_language,is_multilingual,dom_node_count,links_count,forms_count,has_https,has_hsts,has_csp,security_headers_score,website_category,architecture_type,is_validated
obs-a2703c0050cb,crawl-master-20260809-190429,0.1.0,dom-c6332e94c7,https://presidentofindia.nic.in,https://presidentofindia.nic.in,2026-08-09T19:04:29.744116+00:00,homepage,True,403,585.7078680000996,False,True,TLSv1.3,84.0,1,0,0,1,0,97.0,False,1057.1,0.01,702.8,585.7078680000996,373,78.8,en,False,7,0,0,True,False,False,0.0,district_administration,angular_spa,True
obs-17b0e71e1a4d,crawl-master-20260809-190429,0.1.0,dom-7a3b20128e,https://pmindia.gov.in,https://www.pmindia.gov.in/en/,2026-08-09T19:04:31.891796+00:00,homepage,True,403,2083.250964000399,False,True,TLSv1.3,23.0,1,0,0,1,0,97.0,False,3752.7,0.01,2499.9,2083.250964000399,383,24.9,en,False,7,0,0,True,True,False,25.0,district_administration,angular_spa,True
obs-bdea8f261712,crawl-master-20260809-190429,0.1.0,dom-f6a67999ae,https://india.gov.in,https://www.india.gov.in/,2026-08-09T19:04:34.319594+00:00,homepage,True,403,2359.849522999866,False,True,TLSv1.3,78.0,1,0,0,1,0,97.0,False,4250.5,0.01,2831.8,2359.849522999866,372,14.9,en,False,7,0,0,True,False,False,0.0,district_administration,angular_spa,True
obs-a7ee55026e13,crawl-master-20260809-190429,0.1.0,dom-a9b4d1e176,https://mha.gov.in,https://xn--i1b5bzbybhfo5c8b4bxh.xn--11b7cb3a6a.xn--h2brj9c/hi,2026-08-09T19:04:42.474226+00:00,homepage,True,200,7456.209054999817,True,True,TLSv1.3,63.0,1,0,0,0,1,99.0,False,13871.6,0.05,8947.5,7456.209054999817,120962,10.0,hi,True,1126,236,0,True,True,True,100.0,district_administration,angular_spa,True
obs-f847d0318c07,crawl-master-20260809-190429,0.1.0,dom-986d74f344,https://finmin.nic.in,https://finmin.nic.in,2026-08-09T19:04:42.937787+00:00,homepage,True,502,105.51528799987864,False,False,,,0,0,0,0,0,,False,200.0,0.01,126.6,105.51528799987864,0,96.0,en,False,0,0,0,True,False,False,0.0,district_administration,angular_spa,True
obs-d3cfbb059065,crawl-master-20260809-190429,0.1.0,dom-9ba58d6edf,https://mea.gov.in,https://www.mea.gov.in/,2026-08-09T19:04:56.502805+00:00,homepage,True,403,13202.933810000104,False,True,TLSv1.3,143.0,1,0,0,1,0,97.0,False,23770.5,0.01,15843.5,13202.933810000104,919,10.0,en,False,13,0,0,True,False,False,0.0,district_administration,angular_spa,True
obs-3ec508a8dbc8,crawl-master-20260809-190429,0.1.0,dom-5bd30c35f5,https://mod.gov.in,https://mod.gov.in,2026-08-09T19:04:59.395365+00:00,homepage,True,502,2239.543209000658,False,False,,,0,0,0,0,0,,False,4031.2,0.01,2687.5,2239.543209000658,0,19.4,en,False,0,0,0,True,False,False,0.0,district_administration,angular_spa,True
obs-9a16aa41c3a6,crawl-master-20260809-190429,0.1.0,dom-98c4f10caf,https://meity.gov.in,https://www.meity.gov.in/,2026-08-09T19:05:18.464119+00:00,homepage,True,403,18649.298325000018,False,True,TLSv1.3,78.0,1,0,0,1,0,97.0,False,33571.5,0.01,22379.2,18649.298325000018,374,10.0,en,False,7,0,0,True,False,False,0.0,district_administration,angular_spa,True
obs-e8cd1dbfd403,crawl-master-20260809-190429,0.1.0,dom-c2818268a6,https://mohfw.gov.in,https://www.mohfw.gov.in/,2026-08-09T19:05:29.511364+00:00,homepage,True,403,10985.59159999968,False,True,TLSv1.3,76.0,1,0,0,1,0,97.0,False,19776.9,0.01,13182.7,10985.59159999968,374,10.0,en,False,7,0,0,True,False,False,0.0,district_administration,angular_spa,True
obs-7a9978afc0ab,crawl-master-20260809-190429,0.1.0,dom-2a206882e4,https://education.gov.in,https://www.education.gov.in/,2026-08-09T19:05:43.919926+00:00,homepage,True,403,14032.001779999518,False,True,TLSv1.3,44.0,1,0,0,1,0,97.0,False,25260.4,0.01,16838.4,14032.001779999518,378,10.0,en,False,7,0,0,True,False,False,0.0,district_administration,angular_spa,True
obs-fb69d3444ad5,crawl-master-20260809-190429,0.1.0,dom-24761963d2,https://agricoop.nic.in,https://agricoop.nic.in,2026-08-09T19:05:44.952527+00:00,homepage,True,502,686.510644000009,False,False,,,0,0,0,0,0,,False,1235.7,0.01,823.8,686.510644000009,0,75.3,en,False,0,0,0,True,False,False,0.0,district_administration,angular_spa,True
obs-fb5d61de8cbf,crawl-master-20260809-190429,0.1.0,dom-279f32e8de,https://morth.nic.in,http://morth.gov.in/,2026-08-09T19:05:50.339392+00:00,homepage,True,200,5311.998696000046,True,False,,,0,0,0,0,0,100.0,False,9575.2,0.01,6374.4,5311.998696000046,40262,10.0,en,True,34,0,0,False,True,True,75.0,district_administration,angular_spa,True
obs-fb8f447b4f17,crawl-master-20260809-190429,0.1.0,dom-894d6a3f22,https://indianrailways.gov.in,https://indianrailways.gov.in,2026-08-09T19:05:52.478612+00:00,homepage,True,502,1803.3866649993797,False,False,,,0,0,0,0,0,,False,3246.1,0.01,2164.1,1803.3866649993797,0,35.1,en,False,0,0,0,True,False,False,0.0,district_administration,angular_spa,True
obs-84111fe5c1ac,crawl-master-20260809-190429,0.1.0,dom-78c99bdf0d,https://lawmin.gov.in,https://www.lawmin.gov.in/,2026-08-09T19:06:13.217734+00:00,homepage,True,403,20277.42402900003,False,True,TLSv1.3,44.0,1,0,0,1,0,97.0,False,36502.2,0.01,24332.9,20277.42402900003,375,10.0,en,False,7,0,0,True,True,False,25.0,district_administration,angular_spa,True
obs-58566e27ad1e,crawl-master-20260809-190429,0.1.0,dom-f7da77ec56,https://commerce.gov.in,https://www.commerce.gov.in/,2026-08-09T19:06:22.335421+00:00,homepage,True,403,8694.27793200066,False,True,TLSv1.3,52.0,1,0,0,1,0,97.0,False,15652.5,0.01,10433.1,8694.27793200066,377,10.0,en,False,7,0,0,True,False,False,0.0,district_administration,angular_spa,True
obs-37552a780b76,crawl-master-20260809-190429,0.1.0,dom-131a75d27d,https://powermin.gov.in,https://www.powermin.gov.in/,2026-08-09T19:06:30.726045+00:00,homepage,True,403,3319.162740000138,False,True,TLSv1.3,23.0,1,0,0,1,0,97.0,False,5977.3,0.01,3983.0,3319.162740000138,377,10.0,en,False,7,0,0,True,True,False,25.0,district_administration,angular_spa,True
obs-3d177110f168,crawl-master-20260809-190429,0.1.0,dom-79a9f781f0,https://rural.nic.in,https://rural.nic.in,2026-08-09T19:06:31.743502+00:00,homepage,True,502,680.3699609999967,False,False,,,0,0,0,0,0,,False,1224.7,0.01,816.4,680.3699609999967,0,75.5,en,False,0,0,0,True,False,False,0.0,district_administration,angular_spa,True
obs-b977879a1bf5,crawl-master-20260809-190429,0.1.0,dom-955d209a89,https://mohua.gov.in,https://www.mohua.gov.in/,2026-08-09T19:06:36.539292+00:00,homepage,True,200,4425.372401999994,True,True,TLSv1.3,55.0,0,0,0,0,0,100.0,False,7978.9,0.01,5310.4,4425.372401999994,6577,10.0,en,False,33,0,0,True,True,True,100.0,district_administration,nextjs,True
obs-58644cea2140,crawl-master-20260809-190429,0.1.0,dom-e125ca4679,https://moef.gov.in,https://moef.gov.in,2026-08-09T19:06:48.296857+00:00,homepage,True,200,5510.120375000042,True,True,TLSv1.3,36.0,42,1,20,0,21,0.0,True,10580.2,0.05,6612.1,5510.120375000042,563979,10.0,hi,True,1655,571,1,True,True,True,100.0,district_administration,angular_spa,True
obs-cae58afb98aa,crawl-master-20260809-190429,0.1.0,dom-cf5bd5de5c,https://wcd.nic.in,https://wcd.nic.in,2026-08-09T19:06:49.052052+00:00,homepage,True,502,701.5299739996408,False,False,,,0,0,0,0,0,,False,1262.8,0.01,841.8,701.5299739996408,0,74.7,en,False,0,0,0,True,False,False,0.0,district_administration,angular_spa,True
obs-b546e2a2334b,crawl-master-20260809-190429,0.1.0,dom-8acbe939b4,https://eci.gov.in,https://eci.gov.in,2026-08-09T19:06:51.882021+00:00,homepage,True,502,1887.8900859999703,False,False,,,0,0,0,0,0,,False,3398.2,0.01,2265.5,1887.8900859999703,0,32.0,en,False,0,0,0,True,False,False,0.0,district_administration,angular_spa,True
obs-a34387eac1a7,crawl-master-20260809-190429,0.1.0,dom-3f910491e8,https://sci.gov.in,https://www.sci.gov.in,2026-08-09T19:06:57.593992+00:00,homepage,True,403,5247.409599999628,False,True,TLSv1.3,27.0,1,0,0,1,0,97.0,False,9448.1,0.01,6296.9,5247.409599999628,372,10.0,en,False,7,0,0,True,False,False,0.0,district_administration,angular_spa,True
obs-2c03348bdfe6,crawl-master-20260809-190429,0.1.0,dom-d6ab4a1241,https://cag.gov.in,https://cag.gov.in/en,2026-08-09T19:07:05.488588+00:00,homepage,True,200,6023.6300599999595,True,True,TLSv1.2,150.0,2,2,0,0,0,76.0,False,11854.9,0.05,7228.4,6023.6300599999595,346523,10.0,en,True,2531,445,1,True,True,True,100.0,district_administration,angular_spa,True
obs-03ba68df7470,crawl-master-20260809-190429,0.1.0,dom-c45396e2ce,https://upsc.gov.in,https://upsc.gov.in,2026-08-09T19:07:55.749203+00:00,homepage,True,504,40141.31105300021,False,False,,,0,0,0,0,0,,False,72254.4,0.01,48169.6,40141.31105300021,0,10.0,en,False,0,0,0,True,False,False,0.0,district_administration,angular_spa,True
obs-3a99a5a51f3c,crawl-master-20260809-190429,0.1.0,dom-69c39c01e2,https://uidai.gov.in,https://uidai.gov.in,2026-08-09T19:08:35.573857+00:00,homepage,True,504,37143.142719000025,False,True,TLSv1.3,15.0,0,0,0,0,0,,False,66857.7,0.01,44571.8,37143.142719000025,0,10.0,en,False,0,0,0,True,False,False,0.0,district_administration,angular_spa,True
obs-eb3a039b7cf3,crawl-master-20260809-190429,0.1.0,dom-2827bbd66d,https://incometax.gov.in,https://incometax.gov.in,2026-08-09T19:08:37.536791+00:00,homepage,True,502,1351.212664999366,False,False,,,0,0,0,0,0,,False,2432.2,0.01,1621.5,1351.212664999366,0,51.4,en,False,0,0,0,True,False,False,0.0,district_administration,angular_spa,True
obs-20e7184bdb4f,crawl-master-20260809-190429,0.1.0,dom-69269f9505,https://gst.gov.in,https://www.gst.gov.in,2026-08-09T19:08:56.288001+00:00,homepage,True,403,15070.618116000333,False,True,TLSv1.2,124.0,1,0,0,1,0,97.0,False,27127.9,0.01,18084.7,15070.618116000333,9,10.0,en,False,2,0,0,True,False,False,0.0,district_administration,angular_spa,True
obs-290d75bb4aa0,crawl-master-20260809-190429,0.1.0,dom-1b99ea2fc4,https://nic.in,https://nic.in,2026-08-09T19:08:56.456343+00:00,homepage,True,502,112.61171500063938,False,False,,,0,0,0,0,0,,False,202.7,0.01,135.1,112.61171500063938,0,95.9,en,False,0,0,0,True,False,False,0.0,district_administration,angular_spa,True
obs-0de34d26f3eb,crawl-master-20260809-190429,0.1.0,dom-60444d4e20,https://digitalindia.gov.in,https://digitalindia.gov.in,2026-08-09T19:09:10.937144+00:00,homepage,True,403,13157.749248999608,False,True,TLSv1.2,194.0,1,0,0,1,0,97.0,False,23686.3,0.01,15789.3,13157.749248999608,118,10.0,en,False,6,0,0,True,False,False,0.0,district_administration,angular_spa,True
obs-73cc63a86c0a,crawl-master-20260809-190429,0.1.0,dom-c3598e99f4,https://mygov.in,https://www.mygov.in/,2026-08-09T19:09:16.553442+00:00,homepage,True,200,5342.460453999593,True,True,TLSv1.3,166.0,2,1,0,0,1,87.0,False,10667.2,0.05,6411.0,5342.460453999593,220437,10.0,en,True,2627,381,3,True,True,True,100.0,district_administration,angular_spa,True
obs-e5f7a1a6baa0,crawl-master-20260809-190429,0.1.0,dom-2e776fa6ad,https://parivahan.gov.in,https://parivahan.gov.in,2026-08-09T19:09:27.990563+00:00,homepage,True,200,4890.3607789998205,True,True,TLSv1.3,56.0,1,0,0,0,1,99.0,False,9239.4,0.05,5868.4,4890.3607789998205,293953,10.0,en,True,1092,226,1,True,True,True,100.0,district_administration,angular_spa,True
obs-013ea7c68ae0,crawl-master-20260809-190429,0.1.0,dom-e74763f42b,https://cowin.gov.in,https://cowin.gov.in,2026-08-09T19:09:46.089818+00:00,homepage,True,502,2157.9994690000603,False,False,,,0,0,0,0,0,,False,3884.4,0.01,2589.6,2157.9994690000603,0,22.3,en,False,0,0,0,True,False,False,0.0,district_administration,angular_spa,True
obs-cf4c45d86b9d,crawl-master-20260809-190429,0.1.0,dom-0471aa3c00,https://ap.gov.in,https://ap.gov.in,2026-08-09T19:10:37.330385+00:00,homepage,True,504,40148.00988099978,False,False,,,0,0,0,0,0,,False,72266.4,0.01,48177.6,40148.00988099978,0,10.0,en,False,0,0,0,True,False,False,0.0,district_administration,angular_spa,True
obs-803417fe236e,crawl-master-20260809-190429,0.1.0,dom-57a3871183,https://arunachalpradesh.gov.in,https://arunachalpradesh.gov.in,2026-08-09T19:10:41.860623+00:00,homepage,True,200,3218.7426569998934,True,True,TLSv1.3,31.0,0,0,0,0,0,100.0,False,6015.3,0.01,3862.5,3218.7426569998934,113458,10.0,en,True,554,86,0,True,False,True,50.0,district_administration,angular_spa,True
obs-7330204eb290,crawl-master-20260809-190429,0.1.0,dom-e6968c4b88,https://assam.gov.in,https://assam.gov.in,2026-08-09T19:11:32.726337+00:00,homepage,True,504,40144.57611200032,False,False,,,0,0,0,0,0,,False,72260.2,0.01,48173.5,40144.57611200032,0,10.0,en,False,0,0,0,True,False,False,0.0,district_administration,angular_spa,True
obs-cd1945c1a382,crawl-master-20260809-190429,0.1.0,dom-95cdb168ab,https://bihar.gov.in,https://bihar.gov.in,2026-08-09T19:11:34.487005+00:00,homepage,True,502,1120.606688999942,False,False,,,0,0,0,0,0,,False,2017.1,0.01,1344.7,1120.606688999942,0,59.7,en,False,0,0,0,True,False,False,0.0,district_administration,angular_spa,True
obs-4c577464bd43,crawl-master-20260809-190429,0.1.0,dom-24e66e8da4,https://cgstate.gov.in,https://cgstate.gov.in,2026-08-09T19:12:25.316741+00:00,homepage,True,504,40145.80587799992,False,False,,,0,0,0,0,0,,False,72262.5,0.01,48175.0,40145.80587799992,0,10.0,en,False,0,0,0,True,False,False,0.0,district_administration,angular_spa,True
obs-aea60cff0ada,crawl-master-20260809-190429,0.1.0,dom-7170759948,https://goa.gov.in,https://www.goa.gov.in/,2026-08-09T19:12:39.388132+00:00,homepage,True,200,13390.25260499966,True,True,TLSv1.3,180.0,1,1,0,0,0,88.0,False,24724.1,0.05,16068.3,13390.25260499966,141419,10.0,en,False,1554,232,1,True,True,True,100.0,district_administration,angular_spa,True
obs-bb32ee316c6d,crawl-master-20260809-190429,0.1.0,dom-29c696480f,https://gujaratindia.gov.in,https://gujaratindia.gov.in,2026-08-09T19:13:34.892478+00:00,homepage,True,504,43515.19307200033,False,False,,,0,0,0,0,0,,False,78327.3,0.01,52218.2,43515.19307200033,0,10.0,en,False,0,0,0,True,False,False,0.0,district_administration,angular_spa,True
obs-e137c91b025c,crawl-master-20260809-190429,0.1.0,dom-c9b3a882cc,https://haryana.gov.in,https://www.haryana.gov.in,2026-08-09T19:13:46.148756+00:00,homepage,True,200,10736.200164000365,True,True,TLSv1.3,57.0,0,0,0,0,0,100.0,False,19680.8,0.05,12883.4,10736.200164000365,146715,10.0,en,True,889,184,1,True,True,True,100.0,district_administration,angular_spa,True
obs-f43089d9624b,crawl-master-20260809-190429,0.1.0,dom-29c24ec70a,https://himachal.nic.in,https://himachal.nic.in,2026-08-09T19:14:36.423417+00:00,homepage,True,504,40157.23180799978,False,False,,,0,0,0,0,0,,False,72283.0,0.01,48188.7,40157.23180799978,0,10.0,en,False,0,0,0,True,False,False,0.0,district_administration,angular_spa,True
obs-085ca8271e41,crawl-master-20260809-190429,0.1.0,dom-303fbbf44d,https://jharkhand.gov.in,https://jharkhand.gov.in,2026-08-09T19:14:45.328479+00:00,homepage,True,200,7422.691047000626,True,True,TLSv1.3,181.0,46,13,22,1,10,0.0,True,13870.0,0.05,8907.2,7422.691047000626,275888,10.0,hi,True,1273,257,2,True,True,False,60.0,district_administration,angular_spa,True
obs-c5a5cffce4cb,crawl-master-20260809-190429,0.1.0,dom-67dc49da99,https://karnataka.gov.in,https://karnataka.gov.in,2026-08-09T19:15:36.169936+00:00,homepage,True,504,40137.496691000706,False,False,,,0,0,0,0,0,,False,72247.5,0.01,48165.0,40137.496691000706,0,10.0,en,False,0,0,0,True,False,False,0.0,district_administration,angular_spa,True
obs-5114ccdf9071,crawl-master-20260809-190429,0.1.0,dom-847631d0ba,https://kerala.gov.in,https://kerala.gov.in,2026-08-09T19:15:41.295601+00:00,homepage,True,200,3980.2130699999907,True,True,TLSv1.3,76.0,16,5,0,0,11,29.0,False,7598.4,0.05,4776.3,3980.2130699999907,164779,10.0,en,True,1085,194,6,True,True,True,80.0,district_administration,angular_spa,True
obs-2c9d4ca93672,crawl-master-20260809-190429,0.1.0,dom-b8a1dbe49d,https://mp.gov.in,https://mp.gov.in,2026-08-09T19:16:31.551442+00:00,homepage,True,504,40138.66169999983,False,False,,,0,0,0,0,0,,False,72249.6,0.01,48166.4,40138.66169999983,0,10.0,en,False,0,0,0,True,False,False,0.0,district_administration,angular_spa,True
obs-08101913928c,crawl-master-20260809-190429,0.1.0,dom-7a8f1ddd88,https://maharashtra.gov.in,https://maharashtra.gov.in,2026-08-09T19:16:44.682561+00:00,homepage,True,200,8554.094191999866,True,True,TLSv1.2,227.0,42,1,33,0,8,0.0,True,16408.2,0.01,10264.9,8554.094191999866,5408315,10.0,en,True,2527,788,1,True,True,True,100.0,district_administration,angular_spa,True
obs-6f94a75f3c58,crawl-master-20260809-190429,0.1.0,dom-7c4e642e9b,https://manipur.gov.in,https://manipur.gov.in,2026-08-09T19:16:54.126261+00:00,homepage,True,200,8749.491538999791,True,True,TLSv1.3,79.0,14,0,12,0,2,26.0,True,15923.5,0.05,10499.4,8749.491538999791,78352,10.0,en,False,436,91,1,True,True,True,100.0,district_administration,angular_spa,True
obs-94e76ed9e803,crawl-master-20260809-190429,0.1.0,dom-6ce658e6e7,https://meghalaya.gov.in,https://meghalaya.gov.in,2026-08-09T19:16:59.775500+00:00,homepage,True,200,4934.364052000092,True,True,TLSv1.3,48.0,0,0,0,0,0,100.0,False,9130.7,0.05,5921.2,4934.364052000092,58600,10.0,en,False,622,91,1,True,False,False,35.0,district_administration,angular_spa,True
obs-ffbac668a017,crawl-master-20260809-190429,0.1.0,dom-de52bc4bba,https://mizoram.gov.in,https://mizoram.gov.in,2026-08-09T19:17:01.749468+00:00,homepage,True,403,1811.4689079993695,False,True,TLSv1.3,34.0,1,0,0,1,0,97.0,False,3263.0,0.01,2173.8,1811.4689079993695,134,34.7,en,False,6,0,0,True,False,False,0.0,district_administration,angular_spa,True
obs-2119021259ef,crawl-master-20260809-190429,0.1.0,dom-32cdb32754,https://nagaland.gov.in,https://nagaland.gov.in,2026-08-09T19:17:09.592124+00:00,homepage,True,200,5389.042229000552,True,True,TLSv1.3,69.0,2,2,0,0,0,76.0,False,9935.9,0.01,6466.9,5389.042229000552,86771,10.0,en,False,589,117,2,True,True,True,80.0,district_administration,angular_spa,True
obs-5909b918b47d,crawl-master-20260809-190429,0.1.0,dom-7ff02b4b99,https://odisha.gov.in,https://odisha.gov.in,2026-08-09T19:18:10.541070+00:00,homepage,True,504,40163.32472900012,False,False,,,0,0,0,0,0,,False,72294.0,0.01,48196.0,40163.32472900012,0,10.0,en,False,0,0,0,True,False,False,0.0,district_administration,angular_spa,True
obs-bb760131a317,crawl-master-20260809-190429,0.1.0,dom-471049ce82,https://punjab.gov.in,https://punjab.gov.in,2026-08-09T19:18:13.310523+00:00,homepage,True,502,2187.862192000466,False,False,,,0,0,0,0,0,,False,3938.2,0.01,2625.4,2187.862192000466,0,21.2,en,False,0,0,0,True,False,False,0.0,district_administration,angular_spa,True
obs-45b52562897b,crawl-master-20260809-190429,0.1.0,dom-417a898102,https://rajasthan.gov.in,https://rajasthan.gov.in,2026-08-09T19:18:18.975633+00:00,homepage,True,200,3822.361174999969,True,True,TLSv1.3,101.0,0,0,0,0,0,100.0,False,6898.7,0.01,4586.8,3822.361174999969,31379,10.0,en,False,46,0,0,True,True,True,100.0,district_administration,angular_spa,True
obs-21b8a6c7c342,crawl-master-20260809-190429,0.1.0,dom-d4bfde1e94,https://sikkim.gov.in,https://www.sikkim.gov.in/,2026-08-09T19:18:34.760695+00:00,homepage,True,200,14458.370125000329,True,True,TLSv1.3,175.0,16,1,11,1,3,16.0,True,26361.5,0.05,17350.0,14458.370125000329,107323,10.0,en,False,841,182,1,True,False,True,75.0,district_administration,angular_spa,True
obs-6c0bdb0cf9e6,crawl-master-20260809-190429,0.1.0,dom-58b9295b4e,https://tn.gov.in,https://tn.gov.in,2026-08-09T19:19:18.726725+00:00,homepage,True,504,42841.401470000164,False,True,TLSv1.3,2.0,0,0,0,0,0,,False,77114.5,0.01,51409.7,42841.401470000164,0,10.0,en,False,0,0,0,True,False,False,0.0,district_administration,angular_spa,True
obs-8caab12a5a7b,crawl-master-20260809-190429,0.1.0,dom-41c0da416b,https://telangana.gov.in,https://telangana.gov.in,2026-08-09T19:19:21.794625+00:00,homepage,True,502,1550.1631049992284,False,True,TLSv1.3,103.0,0,0,0,0,0,,False,2790.3,0.01,1860.2,1550.1631049992284,0,44.2,en,False,0,0,0,True,False,False,0.0,district_administration,angular_spa,True
obs-d7a7444b8d63,crawl-master-20260809-190429,0.1.0,dom-247d4496d0,https://tripura.gov.in,https://tripura.gov.in,2026-08-09T19:20:13.317795+00:00,homepage,True,504,40151.71681799984,False,False,,,0,0,0,0,0,,False,72273.1,0.01,48182.1,40151.71681799984,0,10.0,en,False,0,0,0,True,False,False,0.0,district_administration,angular_spa,True
obs-b0563bdfde79,crawl-master-20260809-190429,0.1.0,dom-d5ca8e033f,https://up.gov.in,https://up.gov.in,2026-08-09T19:21:04.192593+00:00,homepage,True,504,40147.458591999566,False,False,,,0,0,0,0,0,,False,72265.4,0.01,48177.0,40147.458591999566,0,10.0,en,False,0,0,0,True,False,False,0.0,district_administration,angular_spa,True
obs-85ccceec89b6,crawl-master-20260809-190429,0.1.0,dom-308eaf36df,https://uk.gov.in,https://uk.gov.in,2026-08-09T19:22:01.542703+00:00,homepage,True,504,40150.46861999963,False,False,,,0,0,0,0,0,,False,72270.8,0.01,48180.6,40150.46861999963,0,10.0,en,False,0,0,0,True,False,False,0.0,district_administration,angular_spa,True
obs-14bfd09da424,crawl-master-20260809-190429,0.1.0,dom-19c27acf95,https://wb.gov.in,https://wb.gov.in,2026-08-09T19:22:08.317318+00:00,homepage,True,200,5303.051300000334,True,True,TLSv1.2,230.0,0,0,0,0,0,100.0,False,9665.1,0.01,6363.7,5303.051300000334,83381,10.0,en,False,299,51,0,True,True,False,25.0,district_administration,angular_spa,True
obs-1a0f957222b7,crawl-master-20260809-190429,0.1.0,dom-4bceefa191,https://andaman.gov.in,https://andaman.gov.in,2026-08-09T19:22:50.579508+00:00,homepage,True,502,26133.35158799964,False,False,,,0,0,0,0,0,,False,47040.0,0.01,31360.0,26133.35158799964,0,10.0,en,False,0,0,0,True,False,False,0.0,district_administration,angular_spa,True
obs-7ccab0c14962,crawl-master-20260809-190429,0.1.0,dom-02cc1d6530,https://chandigarh.gov.in,https://chandigarh.gov.in,2026-08-09T19:22:58.459336+00:00,homepage,True,502,7193.836559999909,False,False,,,0,0,0,0,0,,False,12948.9,0.01,8632.6,7193.836559999909,0,10.0,en,False,0,0,0,True,False,False,0.0,district_administration,angular_spa,True
obs-ef4fa16d91a6,crawl-master-20260809-190429,0.1.0,dom-40297f7225,https://daman.nic.in,https://daman.nic.in,2026-08-09T19:23:12.298993+00:00,homepage,True,502,9125.450969000667,False,False,,,0,0,0,0,0,,False,16425.8,0.01,10950.5,9125.450969000667,0,10.0,en,False,0,0,0,True,False,False,0.0,district_administration,angular_spa,True
obs-7135d782a3c9,crawl-master-20260809-190429,0.1.0,dom-74058a197c,https://delhi.gov.in,https://delhi.gov.in,2026-08-09T19:23:17.991574+00:00,homepage,True,200,5106.2572500004535,True,True,TLSv1.3,125.0,2,0,0,0,2,98.0,False,9408.9,0.05,6127.5,5106.2572500004535,51636,10.0,en,True,544,108,2,True,True,True,100.0,district_administration,drupal,True
obs-aa3748ffd3a6,crawl-master-20260809-190429,0.1.0,dom-1c9b82d96e,https://jk.gov.in,https://jk.gov.in,2026-08-09T19:24:08.251246+00:00,homepage,True,504,40142.37357799993,False,False,,,0,0,0,0,0,,False,72256.3,0.01,48170.8,40142.37357799993,0,10.0,en,False,0,0,0,True,False,False,0.0,district_administration,angular_spa,True
obs-5b6715effeb4,crawl-master-20260809-190429,0.1.0,dom-d61bde7d79,https://ladakh.nic.in,https://ladakh.nic.in,2026-08-09T19:24:09.027207+00:00,homepage,True,502,721.4207170000009,False,False,,,0,0,0,0,0,,False,1298.6,0.01,865.7,721.4207170000009,0,74.0,en,False,0,0,0,True,False,False,0.0,district_administration,angular_spa,True
obs-d4fbe3d2ecbf,crawl-master-20260809-190429,0.1.0,dom-0724004e2d,https://lakshadweep.gov.in,https://lakshadweep.gov.in,2026-08-09T19:24:19.707466+00:00,homepage,True,200,9661.664389999714,True,True,TLSv1.3,49.0,0,0,0,0,0,100.0,False,17771.0,0.05,11594.0,9661.664389999714,183009,10.0,en,True,950,172,1,True,True,True,100.0,district_administration,angular_spa,True
obs-b06de2300e7b,crawl-master-20260809-190429,0.1.0,dom-a0ec589f86,https://py.gov.in,https://py.gov.in,2026-08-09T19:24:32.928022+00:00,homepage,True,200,11989.273379000224,True,True,TLSv1.3,52.0,0,0,0,0,0,100.0,False,21936.3,0.05,14387.1,11989.273379000224,99303,10.0,en,False,889,141,1,True,True,True,100.0,district_administration,angular_spa,True
obs-c44fd23f40a9,crawl-master-20260809-190429,0.1.0,dom-8f6288dfda,https://varanasi.nic.in,https://varanasi.nic.in,2026-08-09T19:24:39.792381+00:00,homepage,True,200,4949.3767820003995,True,True,TLSv1.3,49.0,0,0,0,0,0,100.0,False,9385.7,0.05,5939.3,4949.3767820003995,206357,10.0,en,True,1192,189,1,True,False,False,0.0,district_administration,angular_spa,True
obs-828f8e24162a,crawl-master-20260809-190429,0.1.0,dom-8aa7e60eda,https://lucknow.nic.in,https://lucknow.nic.in,2026-08-09T19:24:47.507454+00:00,homepage,True,200,5799.42414999914,True,True,TLSv1.3,49.0,0,0,0,0,0,100.0,False,10913.8,0.05,6959.3,5799.42414999914,197791,10.0,en,True,1187,177,1,True,True,True,100.0,district_administration,angular_spa,True
obs-a6b1552fb365,crawl-master-20260809-190429,0.1.0,dom-573ca4536b,https://agra.nic.in,https://agra.nic.in,2026-08-09T19:24:53.665144+00:00,homepage,True,200,4372.911808000026,True,True,TLSv1.3,49.0,0,0,0,0,0,100.0,False,8378.4,0.05,5247.5,4372.911808000026,216577,10.0,en,True,1268,221,1,True,False,False,0.0,district_administration,angular_spa,True
obs-876877888d93,crawl-master-20260809-190429,0.1.0,dom-74d542e006,https://kanpurnagar.nic.in,https://kanpurnagar.nic.in,2026-08-09T19:24:59.836640+00:00,homepage,True,200,4398.678184999881,True,True,TLSv1.3,49.0,2,0,0,0,2,98.0,False,8438.0,0.05,5278.4,4398.678184999881,229638,10.0,en,True,1301,194,1,True,False,False,0.0,district_administration,angular_spa,True
obs-65c4082f07cf,crawl-master-20260809-190429,0.1.0,dom-50968dd650,https://prayagraj.nic.in,https://prayagraj.nic.in,2026-08-09T19:25:06.143421+00:00,homepage,True,200,4482.540385999528,True,True,TLSv1.3,49.0,0,0,0,0,0,100.0,False,8708.2,0.05,5379.0,4482.540385999528,274318,10.0,en,True,1599,233,1,True,False,False,0.0,district_administration,angular_spa,True
obs-068fcb8ac9bb,crawl-master-20260809-190429,0.1.0,dom-8760eae00b,https://gautambuddhanagar.nic.in,https://gautambuddhanagar.nic.in,2026-08-09T19:25:06.925160+00:00,homepage,True,502,722.3488720001114,False,False,,,0,0,0,0,0,,False,1300.2,0.01,866.8,722.3488720001114,0,74.0,en,False,0,0,0,True,False,False,0.0,district_administration,angular_spa,True
obs-5ac92eb9bb32,crawl-master-20260809-190429,0.1.0,dom-6e93f7f125,https://ghaziabad.nic.in,https://ghaziabad.nic.in,2026-08-09T19:25:13.859265+00:00,homepage,True,200,5825.853628000004,True,True,TLSv1.3,49.0,0,0,0,0,0,100.0,False,10947.7,0.05,6991.0,5825.853628000004,231833,10.0,hi,True,1153,199,1,True,True,True,100.0,district_administration,angular_spa,True
obs-8611b48656c8,crawl-master-20260809-190429,0.1.0,dom-e622d76b67,https://gorakhpur.nic.in,https://gorakhpur.nic.in,2026-08-09T19:25:29.187091+00:00,homepage,True,200,14245.87350299953,True,True,TLSv1.3,49.0,0,0,0,0,0,100.0,False,26313.0,0.05,17095.0,14245.87350299953,269208,10.0,en,True,1676,327,1,True,True,True,100.0,district_administration,angular_spa,True
obs-6a88fa4e66bc,crawl-master-20260809-190429,0.1.0,dom-aab373c867,https://meerut.nic.in,https://meerut.nic.in,2026-08-09T19:25:35.393099+00:00,homepage,True,200,4432.588011000007,True,True,TLSv1.3,49.0,0,0,0,0,0,100.0,False,8380.7,0.05,5319.1,4432.588011000007,184876,10.0,en,True,1005,168,1,True,False,False,0.0,district_administration,angular_spa,True
obs-305371d319c0,crawl-master-20260809-190429,0.1.0,dom-8f58961d40,https://ayodhya.nic.in,https://ayodhya.nic.in,2026-08-09T19:25:41.724950+00:00,homepage,True,200,5395.685939000032,True,True,TLSv1.3,49.0,0,0,0,0,0,100.0,False,10267.8,0.05,6474.8,5395.685939000032,234516,10.0,en,True,1389,249,1,True,False,False,0.0,district_administration,angular_spa,True
obs-b7b61dcf1e0a,crawl-master-20260809-190429,0.1.0,dom-878104ec5a,https://bareilly.nic.in,https://bareilly.nic.in,2026-08-09T19:25:49.066752+00:00,homepage,True,200,6283.944292000342,True,True,TLSv1.3,49.0,0,0,0,0,0,100.0,False,11750.3,0.05,7540.7,6283.944292000342,192011,10.0,en,True,1098,192,1,True,True,True,100.0,district_administration,angular_spa,True
obs-ae970eb034f1,crawl-master-20260809-190429,0.1.0,dom-f8373597cc,https://aligarh.nic.in,https://aligarh.nic.in,2026-08-09T19:25:54.413007+00:00,homepage,True,200,4501.752516999659,True,True,TLSv1.3,49.0,0,0,0,0,0,100.0,False,8494.8,0.05,5402.1,4501.752516999659,175745,10.0,en,True,979,155,1,True,False,False,0.0,district_administration,angular_spa,True
obs-788022503bb3,crawl-master-20260809-190429,0.1.0,dom-d12521e5c1,https://jhansi.nic.in,https://jhansi.nic.in,2026-08-09T19:25:59.653401+00:00,homepage,True,200,4348.697873000674,True,True,TLSv1.3,49.0,0,0,0,0,0,100.0,False,8272.9,0.05,5218.4,4348.697873000674,187997,10.0,en,True,1113,226,1,True,False,False,0.0,district_administration,angular_spa,True
obs-16744bb5ae5b,crawl-master-20260809-190429,0.1.0,dom-1facc765e6,https://moradabad.nic.in,https://moradabad.nic.in,2026-08-09T19:26:05.955828+00:00,homepage,True,200,4209.384962000513,True,True,TLSv1.3,49.0,0,0,0,0,0,100.0,False,7995.7,0.05,5051.3,4209.384962000513,184822,10.0,en,True,1047,177,1,True,False,False,0.0,district_administration,angular_spa,True
obs-5acb61603309,crawl-master-20260809-190429,0.1.0,dom-67033c2d5f,https://mathura.nic.in,https://mathura.nic.in,2026-08-09T19:26:12.403153+00:00,homepage,True,200,5454.272517999925,True,True,TLSv1.3,49.0,0,0,0,0,0,100.0,False,10630.9,0.05,6545.1,5454.272517999925,332256,10.0,en,True,2033,303,1,True,False,False,0.0,district_administration,angular_spa,True
obs-fc93f63ab8a6,crawl-master-20260809-190429,0.1.0,dom-9f1e659d91,https://mumbai.nic.in,https://mumbai.nic.in,2026-08-09T19:26:13.455509+00:00,homepage,True,502,698.6974920000648,False,False,,,0,0,0,0,0,,False,1257.7,0.01,838.4,698.6974920000648,0,74.8,en,False,0,0,0,True,False,False,0.0,district_administration,angular_spa,True
obs-10df27d4e0a6,crawl-master-20260809-190429,0.1.0,dom-6036bbaabf,https://mumbaicity.nic.in,https://mumbaicity.gov.in/,2026-08-09T19:26:29.605335+00:00,homepage,True,200,7567.422429000544,True,True,TLSv1.3,60.0,25,0,25,0,0,0.0,True,14057.0,0.05,9080.9,7567.422429000544,211578,10.0,hi,True,1089,206,1,True,True,True,100.0,district_administration,angular_spa,True
obs-30b962fccb6d,crawl-master-20260809-190429,0.1.0,dom-df2fca7216,https://pune.nic.in,https://pune.gov.in/,2026-08-09T19:26:52.819828+00:00,homepage,True,200,21549.04723999971,True,True,TLSv1.3,66.0,0,0,0,0,0,100.0,False,39457.1,0.05,25858.9,21549.04723999971,302991,10.0,hi,True,1672,281,1,True,True,True,100.0,district_administration,angular_spa,True
obs-ee88f444ffe8,crawl-master-20260809-190429,0.1.0,dom-3715f2df3e,https://nagpur.nic.in,https://nagpur.gov.in/,2026-08-09T19:27:11.552036+00:00,homepage,True,200,17021.689893000257,True,True,TLSv1.3,49.0,5,0,0,0,5,95.0,False,31051.8,0.05,20426.0,17021.689893000257,195882,10.0,en,True,1032,167,1,True,True,True,100.0,district_administration,angular_spa,True
obs-fd15c202956c,crawl-master-20260809-190429,0.1.0,dom-70fc9a174e,https://thane.nic.in,https://thane.nic.in,2026-08-09T19:27:18.241555+00:00,homepage,True,200,4896.685652999622,True,True,TLSv1.3,49.0,0,0,0,0,0,100.0,False,9347.6,0.05,5876.0,4896.685652999622,257127,10.0,hi,True,1334,234,1,True,False,False,0.0,district_administration,angular_spa,True
obs-2c38241023cf,crawl-master-20260809-190429,0.1.0,dom-dbb5d0eaf5,https://nashik.nic.in,https://nashik.gov.in/,2026-08-09T19:27:33.816416+00:00,homepage,True,200,13904.809495000336,True,True,TLSv1.3,49.0,0,0,0,0,0,100.0,False,25520.7,0.05,16685.8,13904.809495000336,238231,10.0,hi,True,1230,208,1,True,True,True,100.0,district_administration,angular_spa,True
obs-204a22451f55,crawl-master-20260809-190429,0.1.0,dom-01d4ee8ca2,https://aurangabad.nic.in,https://aurangabad.nic.in,2026-08-09T19:27:38.735442+00:00,homepage,True,502,3114.69119100002,False,False,,,0,0,0,0,0,,False,5606.4,0.01,3737.6,3114.69119100002,0,10.0,en,False,0,0,0,True,False,False,0.0,district_administration,angular_spa,True
obs-53e016d7ed85,crawl-master-20260809-190429,0.1.0,dom-917037d379,https://solapur.nic.in,https://solapur.gov.in/,2026-08-09T19:28:07.708418+00:00,homepage,True,200,27221.296341999732,True,True,TLSv1.3,49.0,0,0,0,0,0,100.0,False,49525.1,0.05,32665.6,27221.296341999732,275544,10.0,hi,True,1317,217,1,True,True,True,100.0,district_administration,angular_spa,True
obs-869d60c1068b,crawl-master-20260809-190429,0.1.0,dom-37eb24b5ae,https://kolhapur.nic.in,https://kolhapur.gov.in/,2026-08-09T19:28:23.676114+00:00,homepage,True,200,14307.789294000031,True,True,TLSv1.3,49.0,0,0,0,0,0,100.0,False,26402.0,0.05,17169.3,14307.789294000031,293637,10.0,hi,True,1620,291,1,True,True,True,100.0,district_administration,angular_spa,True
obs-fd3754b33fd2,crawl-master-20260809-190429,0.1.0,dom-816a39dddd,https://amravati.nic.in,https://amravati.gov.in/,2026-08-09T19:28:38.687153+00:00,homepage,True,200,13323.4407989994,True,True,TLSv1.3,49.0,0,0,0,0,0,100.0,False,24358.2,0.05,15988.1,13323.4407989994,193902,10.0,hi,True,940,175,1,True,True,True,100.0,district_administration,angular_spa,True
obs-436e01e69296,crawl-master-20260809-190429,0.1.0,dom-13ffca6fce,https://nanded.nic.in,https://nanded.gov.in/,2026-08-09T19:28:52.302187+00:00,homepage,True,200,11971.263064000595,True,True,TLSv1.3,49.0,0,0,0,0,0,100.0,False,22065.9,0.05,14365.5,11971.263064000595,263989,10.0,hi,True,1294,248,1,True,True,True,100.0,district_administration,angular_spa,True
obs-68a000a3bf10,crawl-master-20260809-190429,0.1.0,dom-7c9bb7bc69,https://jalgaon.nic.in,https://jalgaon.gov.in/,2026-08-09T19:29:05.905202+00:00,homepage,True,200,12576.310170000397,True,True,TLSv1.3,49.0,0,0,0,0,0,100.0,False,22981.4,0.05,15091.6,12576.310170000397,178481,10.0,hi,True,860,145,1,True,True,True,100.0,district_administration,angular_spa,True
obs-3d9b2b5ec574,crawl-master-20260809-190429,0.1.0,dom-330f82a1b3,https://akola.nic.in,https://akola.gov.in/,2026-08-09T19:29:13.965462+00:00,homepage,True,200,6301.64368900023,True,True,TLSv1.3,49.0,0,0,0,0,0,100.0,False,11849.4,0.05,7562.0,6301.64368900023,229053,10.0,hi,True,1266,204,1,True,True,True,100.0,district_administration,angular_spa,True
obs-a57a924c9550,crawl-master-20260809-190429,0.1.0,dom-e19b419062,https://satara.nic.in,https://satara.nic.in,2026-08-09T19:29:18.635648+00:00,homepage,True,502,2695.344363000004,False,False,,,0,0,0,0,0,,False,4851.6,0.01,3234.4,2695.344363000004,0,10.0,en,False,0,0,0,True,False,False,0.0,district_administration,angular_spa,True
obs-c22fb6a9f015,crawl-master-20260809-190429,0.1.0,dom-41ffc52092,https://bengaluruurban.nic.in,https://bengaluruurban.nic.in,2026-08-09T19:29:24.337845+00:00,homepage,True,200,3877.237673000309,True,True,TLSv1.3,31.0,0,0,0,0,0,100.0,False,7314.6,0.05,4652.7,3877.237673000309,190369,10.0,en,True,839,180,1,True,False,False,0.0,district_administration,angular_spa,True
obs-33be7f70f64c,crawl-master-20260809-190429,0.1.0,dom-f9bee66ff4,https://bengalururural.nic.in,https://bengalururural.nic.in,2026-08-09T19:29:24.803156+00:00,homepage,True,502,405.08658199996717,False,False,,,0,0,0,0,0,,False,729.2,0.01,486.1,405.08658199996717,0,85.4,en,False,0,0,0,True,False,False,0.0,district_administration,angular_spa,True
obs-6c3b9d539a79,crawl-master-20260809-190429,0.1.0,dom-25e9fd2e18,https://mysuru.nic.in,https://mysuru.nic.in,2026-08-09T19:29:29.859977+00:00,homepage,True,502,3372.3151909998705,False,False,,,0,0,0,0,0,,False,6070.2,0.01,4046.8,3372.3151909998705,0,10.0,en,False,0,0,0,True,False,False,0.0,district_administration,angular_spa,True
obs-d938240b4d2e,crawl-master-20260809-190429,0.1.0,dom-a6887277cb,https://belagavi.nic.in,https://belagavi.nic.in,2026-08-09T19:29:37.148983+00:00,homepage,True,200,6143.125829999917,True,True,TLSv1.3,49.0,0,0,0,0,0,100.0,False,11464.0,0.05,7371.8,6143.125829999917,215251,10.0,en,True,1016,171,1,True,True,True,100.0,district_administration,angular_spa,True
obs-c761a16d2bc6,crawl-master-20260809-190429,0.1.0,dom-d4e4ad96b6,https://dharwad.nic.in,https://dharwad.nic.in,2026-08-09T19:29:44.739676+00:00,homepage,True,200,5772.33654200063,True,True,TLSv1.3,64.0,0,0,0,0,0,100.0,False,10829.0,0.05,6926.8,5772.33654200063,223690,10.0,en,True,1097,186,1,True,False,False,0.0,district_administration,angular_spa,True
obs-6a058e1e164b,crawl-master-20260809-190429,0.1.0,dom-7975fdd64b,https://mangaluru.nic.in,https://mangaluru.nic.in,2026-08-09T19:29:45.473372+00:00,homepage,True,502,680.6852520003304,False,False,,,0,0,0,0,0,,False,1225.2,0.01,816.8,680.6852520003304,0,75.5,en,False,0,0,0,True,False,False,0.0,district_administration,angular_spa,True
obs-83222ba26938,crawl-master-20260809-190429,0.1.0,dom-1b2deacd10,https://kalaburagi.nic.in,https://kalaburagi.nic.in,2026-08-09T19:29:52.065202+00:00,homepage,True,200,4759.692714999801,True,True,TLSv1.3,49.0,0,0,0,0,0,100.0,False,9107.0,0.05,5711.6,4759.692714999801,262041,10.0,en,True,1349,248,1,True,False,False,0.0,district_administration,angular_spa,True
obs-9fd01b47ca6c,crawl-master-20260809-190429,0.1.0,dom-45949b69a1,https://ballari.nic.in,https://ballari.nic.in,2026-08-09T19:29:59.918494+00:00,homepage,True,200,5411.629195000387,True,True,TLSv1.3,49.0,0,0,0,0,0,100.0,False,10065.7,0.05,6494.0,5411.629195000387,180277,10.0,en,True,812,137,1,True,False,False,0.0,district_administration,angular_spa,True
obs-ffa75f749389,crawl-master-20260809-190429,0.1.0,dom-0418dda490,https://shivamogga.nic.in,https://shivamogga.nic.in,2026-08-09T19:30:05.921431+00:00,homepage,True,200,5108.067905000098,True,True,TLSv1.3,49.0,0,0,0,0,0,100.0,False,9568.9,0.05,6129.7,5108.067905000098,181513,10.0,en,True,936,151,1,True,False,False,0.0,district_administration,angular_spa,True
obs-28873834b464,crawl-master-20260809-190429,0.1.0,dom-8fe9c1ecef,https://tumakuru.nic.in,https://tumakuru.nic.in,2026-08-09T19:30:07.288501+00:00,homepage,True,502,1007.5352080002631,False,False,,,0,0,0,0,0,,False,1813.6,0.01,1209.0,1007.5352080002631,0,63.7,en,False,0,0,0,True,False,False,0.0,district_administration,angular_spa,True
obs-211311b87745,crawl-master-20260809-190429,0.1.0,dom-b1c21f6255,https://udupi.nic.in,https://udupi.nic.in,2026-08-09T19:30:15.738503+00:00,homepage,True,200,7348.839020999549,True,True,TLSv1.3,49.0,0,0,0,0,0,100.0,False,13684.7,0.05,8818.6,7348.839020999549,232317,10.0,en,True,1142,186,1,True,True,True,100.0,district_administration,angular_spa,True
obs-35de949083d9,crawl-master-20260809-190429,0.1.0,dom-9949ff8c16,https://hassan.nic.in,https://hassan.nic.in,2026-08-09T19:30:22.296935+00:00,homepage,True,200,5624.4542410004215,True,True,TLSv1.3,49.0,0,0,0,0,0,100.0,False,10631.6,0.05,6749.3,5624.4542410004215,246183,10.0,en,True,1269,226,1,True,False,False,0.0,district_administration,angular_spa,True
obs-919d11c8aef3,crawl-master-20260809-190429,0.1.0,dom-a6f4777c9a,https://chennai.nic.in,https://chennai.nic.in,2026-08-09T19:30:30.168974+00:00,homepage,True,200,6058.294075000049,True,True,TLSv1.3,49.0,0,0,0,0,0,100.0,False,11345.3,0.05,7270.0,6058.294075000049,201707,10.0,en,True,1101,171,1,True,True,True,100.0,district_administration,wordpress,True
obs-b0441fd16c0c,crawl-master-20260809-190429,0.1.0,dom-ef11ef7e31,https://coimbatore.nic.in,https://coimbatore.nic.in,2026-08-09T19:30:38.355074+00:00,homepage,True,200,6258.03704000009,True,True,TLSv1.3,49.0,0,0,0,0,0,100.0,False,11735.7,0.05,7509.6,6258.03704000009,213389,10.0,en,True,1178,205,1,True,True,True,100.0,district_administration,angular_spa,True
obs-06bf29718be6,crawl-master-20260809-190429,0.1.0,dom-0187edd1cc,https://madurai.nic.in,https://madurai.nic.in,2026-08-09T19:30:45.749431+00:00,homepage,True,200,5376.855893000538,True,True,TLSv1.3,49.0,2,0,0,0,2,98.0,False,10085.1,0.05,6452.2,5376.855893000538,181371,10.0,en,True,1017,153,1,True,True,True,100.0,district_administration,angular_spa,True
obs-f4ee340fbcaf,crawl-master-20260809-190429,0.1.0,dom-245ccf1168,https://tiruchirappalli.nic.in,https://tiruchirappalli.nic.in,2026-08-09T19:30:53.302435+00:00,homepage,True,200,5506.272917000388,True,True,TLSv1.3,49.0,2,0,0,0,2,98.0,False,10992.1,0.05,6607.5,5506.272917000388,460897,10.0,en,True,2702,343,1,True,True,True,100.0,district_administration,angular_spa,True
obs-2f4e7fbb263b,crawl-master-20260809-190429,0.1.0,dom-e233006d68,https://salem.nic.in,https://salem.nic.in,2026-08-09T19:31:00.824512+00:00,homepage,True,200,6505.866882000191,True,True,TLSv1.3,49.0,0,0,0,0,0,100.0,False,12164.2,0.05,7807.0,6505.866882000191,207148,10.0,en,True,1134,198,1,True,True,True,100.0,district_administration,angular_spa,True
obs-ca2d0d757937,crawl-master-20260809-190429,0.1.0,dom-57455729bb,https://tirunelveli.nic.in,https://tirunelveli.nic.in,2026-08-09T19:31:08.091283+00:00,homepage,True,200,5323.247143000117,True,True,TLSv1.3,49.0,0,0,0,0,0,100.0,False,10026.2,0.05,6387.9,5323.247143000117,196543,10.0,en,True,1111,171,1,True,True,True,100.0,district_administration,angular_spa,True
obs-5157bf8355a6,crawl-master-20260809-190429,0.1.0,dom-92db4b52ab,https://tiruppur.nic.in,https://tiruppur.nic.in,2026-08-09T19:31:15.509679+00:00,homepage,True,200,5450.909410999884,True,True,TLSv1.3,49.0,0,0,0,0,0,100.0,False,10301.6,0.05,6541.1,5450.909410999884,215830,10.0,en,True,1225,182,1,True,True,True,100.0,district_administration,angular_spa,True
obs-151741bde242,crawl-master-20260809-190429,0.1.0,dom-a49257aee0,https://vellore.nic.in,https://vellore.nic.in,2026-08-09T19:31:23.837045+00:00,homepage,True,200,7230.2509319997625,True,True,TLSv1.3,49.0,0,0,0,0,0,100.0,False,13456.1,0.05,8676.3,7230.2509319997625,198086,10.0,en,True,1104,183,1,True,True,True,100.0,district_administration,angular_spa,True
obs-b9e9e61efb8b,crawl-master-20260809-190429,0.1.0,dom-24f70bb57a,https://erode.nic.in,https://erode.nic.in,2026-08-09T19:31:30.128675+00:00,homepage,True,200,4412.205384999652,True,True,TLSv1.3,49.0,0,0,0,0,0,100.0,False,8402.0,0.05,5294.6,4412.205384999652,203183,10.0,en,True,1150,219,1,True,True,True,100.0,district_administration,angular_spa,True
obs-175798938fcb,crawl-master-20260809-190429,0.1.0,dom-d2074b6d86,https://thanjavur.nic.in,https://thanjavur.nic.in,2026-08-09T19:31:37.832417+00:00,homepage,True,200,5800.280088999898,True,True,TLSv1.3,49.0,2,0,0,0,2,98.0,False,10863.7,0.05,6960.3,5800.280088999898,194563,10.0,en,True,1058,175,1,True,True,True,100.0,district_administration,angular_spa,True
obs-effaef72bcd3,crawl-master-20260809-190429,0.1.0,dom-ed09471928,https://dindigul.nic.in,https://dindigul.nic.in,2026-08-09T19:31:43.649710+00:00,homepage,True,200,4799.821727999188,True,True,TLSv1.3,49.0,4,0,4,0,0,76.0,True,9105.7,0.05,5759.8,4799.821727999188,206794,10.0,en,True,1165,188,1,True,True,True,100.0,district_administration,angular_spa,True
obs-271bdb3ec3ac,crawl-master-20260809-190429,0.1.0,dom-3fd917f5dd,https://kancheepuram.nic.in,https://kancheepuram.nic.in,2026-08-09T19:31:51.358434+00:00,homepage,True,200,5796.099147999485,True,True,TLSv1.3,49.0,0,0,0,0,0,100.0,False,10847.8,0.05,6955.3,5796.099147999485,191523,10.0,en,True,1037,176,1,True,True,True,100.0,district_administration,angular_spa,True
obs-7dfb327fc68e,crawl-master-20260809-190429,0.1.0,dom-464f405ed6,https://kolkata.nic.in,https://kolkata.nic.in,2026-08-09T19:31:52.416693+00:00,homepage,True,502,695.9678440007337,False,False,,,0,0,0,0,0,,False,1252.7,0.01,835.2,695.9678440007337,0,74.9,en,False,0,0,0,True,False,False,0.0,district_administration,angular_spa,True
obs-24bd6380d915,crawl-master-20260809-190429,0.1.0,dom-2588efc29b,https://north24parganas.nic.in,https://north24parganas.nic.in,2026-08-09T19:31:53.448138+00:00,homepage,True,502,696.437784000409,False,False,,,0,0,0,0,0,,False,1253.6,0.01,835.7,696.437784000409,0,74.9,en,False,0,0,0,True,False,False,0.0,district_administration,angular_spa,True
obs-53f705cf5d4c,crawl-master-20260809-190429,0.1.0,dom-3504eeb1a4,https://south24parganas.nic.in,https://south24parganas.nic.in,2026-08-09T19:31:54.247628+00:00,homepage,True,502,693.5383820000425,False,False,,,0,0,0,0,0,,False,1248.4,0.01,832.2,693.5383820000425,0,75.0,en,False,0,0,0,True,False,False,0.0,district_administration,angular_spa,True
obs-03e537a9e4eb,crawl-master-20260809-190429,0.1.0,dom-f024af7dc5,https://howrah.nic.in,https://howrah.nic.in,2026-08-09T19:31:55.281433+00:00,homepage,True,502,695.7569610003702,False,False,,,0,0,0,0,0,,False,1252.4,0.01,834.9,695.7569610003702,0,75.0,en,False,0,0,0,True,False,False,0.0,district_administration,angular_spa,True
obs-e73662797bbb,crawl-master-20260809-190429,0.1.0,dom-bf0c0047d0,https://hooghly.nic.in,https://hooghly.nic.in,2026-08-09T19:32:01.897125+00:00,homepage,True,200,5538.059643999986,True,True,TLSv1.3,49.0,0,0,0,0,0,100.0,False,10382.9,0.05,6645.7,5538.059643999986,181645,10.0,en,True,1036,210,2,True,True,True,100.0,district_administration,angular_spa,True
obs-2286c3b7bcb1,crawl-master-20260809-190429,0.1.0,dom-dfb3971d0c,https://darjeeling.nic.in,https://darjeeling.gov.in/,2026-08-09T19:32:17.449117+00:00,homepage,True,200,13840.66508199976,True,True,TLSv1.3,64.0,0,0,0,0,0,100.0,False,25684.8,0.05,16608.8,13840.66508199976,330158,10.0,en,True,1929,282,1,True,True,True,100.0,district_administration,angular_spa,True
obs-97c97355f1f2,crawl-master-20260809-190429,0.1.0,dom-60587ac4b3,https://paschimmedinipur.nic.in,https://paschimmedinipur.nic.in,2026-08-09T19:32:18.202008+00:00,homepage,True,502,405.5302770002527,False,False,,,0,0,0,0,0,,False,730.0,0.01,486.6,405.5302770002527,0,85.4,en,False,0,0,0,True,False,False,0.0,district_administration,angular_spa,True
obs-75489b7e79e1,crawl-master-20260809-190429,0.1.0,dom-ba4d2162cf,https://purbabardhaman.nic.in,https://purbabardhaman.nic.in,2026-08-09T19:32:25.415822+00:00,homepage,True,200,6147.3980399996435,True,True,TLSv1.3,49.0,0,0,0,0,0,100.0,False,11378.1,0.05,7376.9,6147.3980399996435,155295,10.0,en,True,782,135,1,True,True,True,100.0,district_administration,angular_spa,True
obs-07c3e8618f51,crawl-master-20260809-190429,0.1.0,dom-b15988ac6f,https://murshidabad.nic.in,https://murshidabad.gov.in/,2026-08-09T19:32:39.619441+00:00,homepage,True,200,13102.936512999804,True,True,TLSv1.3,49.0,0,0,0,0,0,100.0,False,23979.3,0.05,15723.5,13102.936512999804,200836,10.0,en,True,985,187,1,True,True,True,100.0,district_administration,wordpress,True
obs-cdd73b765037,crawl-master-20260809-190429,0.1.0,dom-0d2f813e65,https://malda.nic.in,https://malda.nic.in,2026-08-09T19:32:40.395496+00:00,homepage,True,502,722.4315040002693,False,False,,,0,0,0,0,0,,False,1300.4,0.01,866.9,722.4315040002693,0,74.0,en,False,0,0,0,True,False,False,0.0,district_administration,angular_spa,True
obs-65a8e31a228a,crawl-master-20260809-190429,0.1.0,dom-b1f6ed4c61,https://ahmedabad.nic.in,https://ahmedabad.nic.in,2026-08-09T19:32:46.817295+00:00,homepage,True,200,4526.926155000183,True,True,TLSv1.3,49.0,0,0,0,0,0,100.0,False,8580.5,0.05,5432.3,4526.926155000183,198622,10.0,en,True,1080,182,1,True,True,True,100.0,district_administration,angular_spa,True
obs-9941db6d04ac,crawl-master-20260809-190429,0.1.0,dom-9257855375,https://surat.nic.in,https://surat.nic.in,2026-08-09T19:32:53.329526+00:00,homepage,True,200,4771.058267000626,True,True,TLSv1.3,49.0,0,0,0,0,0,100.0,False,8926.7,0.05,5725.3,4771.058267000626,161856,10.0,en,True,847,156,1,True,False,False,0.0,district_administration,angular_spa,True
obs-f479517a750c,crawl-master-20260809-190429,0.1.0,dom-62df7713b7,https://vadodara.nic.in,https://vadodara.nic.in,2026-08-09T19:32:59.741487+00:00,homepage,True,200,4610.383619999993,True,True,TLSv1.3,49.0,0,0,0,0,0,100.0,False,8590.3,0.05,5532.5,4610.383619999993,144067,10.0,en,True,729,123,1,True,False,False,0.0,district_administration,angular_spa,True
obs-16b2800dbf7d,crawl-master-20260809-190429,0.1.0,dom-bdd7b598e8,https://rajkot.nic.in,https://rajkot.nic.in,2026-08-09T19:33:05.267265+00:00,homepage,True,200,3732.961145000445,True,True,TLSv1.3,49.0,0,0,0,0,0,100.0,False,7114.9,0.05,4479.6,3732.961145000445,183419,10.0,en,True,989,154,1,True,False,False,0.0,district_administration,angular_spa,True
obs-7a45df90ce17,crawl-master-20260809-190429,0.1.0,dom-c0db43ffb1,https://bhavnagar.nic.in,https://bhavnagar.nic.in,2026-08-09T19:33:12.962871+00:00,homepage,True,200,5951.571424000576,True,True,TLSv1.3,49.0,0,0,0,0,0,100.0,False,11006.8,0.05,7141.9,5951.571424000576,142794,10.0,en,True,735,116,1,True,False,False,0.0,district_administration,angular_spa,True
obs-dd9d3ddc73f1,crawl-master-20260809-190429,0.1.0,dom-46f91381a5,https://jamnagar.nic.in,https://jamnagar.nic.in,2026-08-09T19:33:19.335546+00:00,homepage,True,200,4499.197518000074,True,True,TLSv1.3,49.0,0,0,0,0,0,100.0,False,8359.8,0.05,5399.0,4499.197518000074,143193,10.0,en,True,653,107,1,True,True,True,100.0,district_administration,angular_spa,True
obs-90ea120b5ce7,crawl-master-20260809-190429,0.1.0,dom-6bb75a3901,https://gandhinagar.nic.in,https://gandhinagar.nic.in,2026-08-09T19:33:28.589013+00:00,homepage,True,200,7369.707455000025,True,True,TLSv1.3,49.0,0,0,0,0,0,100.0,False,13568.7,0.05,8843.6,7369.707455000025,149663,10.0,en,True,758,125,1,True,True,True,100.0,district_administration,angular_spa,True
obs-5da127e55481,crawl-master-20260809-190429,0.1.0,dom-bbe2fa63de,https://junagadh.nic.in,https://junagadh.nic.in,2026-08-09T19:33:36.846706+00:00,homepage,True,200,7152.402634000282,True,True,TLSv1.3,49.0,0,0,0,0,0,100.0,False,13173.9,0.05,8582.9,7152.402634000282,160222,10.0,en,True,749,128,1,True,True,True,100.0,district_administration,angular_spa,True
obs-284d0292734f,crawl-master-20260809-190429,0.1.0,dom-448aede90b,https://anand.nic.in,https://anand.nic.in,2026-08-09T19:33:44.975926+00:00,homepage,True,200,7070.864930000425,True,True,TLSv1.3,49.0,0,0,0,0,0,100.0,False,13125.2,0.05,8485.0,7070.864930000425,198642,10.0,en,True,994,157,1,True,True,True,100.0,district_administration,angular_spa,True
obs-c1901b89ed9f,crawl-master-20260809-190429,0.1.0,dom-322eb60fe5,https://navsari.nic.in,https://navsari.nic.in,2026-08-09T19:33:51.849992+00:00,homepage,True,200,5280.922483000722,True,True,TLSv1.3,49.0,0,0,0,0,0,100.0,False,9815.3,0.05,6337.1,5280.922483000722,149107,10.0,en,True,774,120,1,True,False,False,0.0,district_administration,angular_spa,True
obs-57a0847c5e06,crawl-master-20260809-190429,0.1.0,dom-ea87ad279c,https://kutch.nic.in,https://kutch.nic.in,2026-08-09T19:33:52.603497+00:00,homepage,True,502,412.12173300027644,False,False,,,0,0,0,0,0,,False,741.8,0.01,494.5,412.12173300027644,0,85.2,en,False,0,0,0,True,False,False,0.0,district_administration,angular_spa,True
obs-90a7095c76ac,crawl-master-20260809-190429,0.1.0,dom-052ed0d492,https://morbi.nic.in,https://morbi.nic.in,2026-08-09T19:33:59.096757+00:00,homepage,True,200,5621.914585000013,True,True,TLSv1.3,49.0,0,0,0,0,0,100.0,False,10437.4,0.05,6746.3,5621.914585000013,161863,10.0,en,True,795,132,1,True,False,False,0.0,district_administration,angular_spa,True
obs-b352e28d04f7,crawl-master-20260809-190429,0.1.0,dom-b98340c44c,https://jaipur.nic.in,https://jaipur.nic.in,2026-08-09T19:34:00.167881+00:00,homepage,True,502,728.4870060002504,False,False,,,0,0,0,0,0,,False,1311.3,0.01,874.2,728.4870060002504,0,73.8,en,False,0,0,0,True,False,False,0.0,district_administration,angular_spa,True
obs-13399001286c,crawl-master-20260809-190429,0.1.0,dom-9503b4adbb,https://jodhpur.nic.in,https://jodhpur.nic.in,2026-08-09T19:34:00.906346+00:00,homepage,True,502,681.7291190000105,False,False,,,0,0,0,0,0,,False,1227.1,0.01,818.1,681.7291190000105,0,75.5,en,False,0,0,0,True,False,False,0.0,district_administration,angular_spa,True
obs-70441a0cc643,crawl-master-20260809-190429,0.1.0,dom-e58da2e6ef,https://kota.nic.in,https://kota.nic.in,2026-08-09T19:34:01.935783+00:00,homepage,True,502,689.6478719991137,False,False,,,0,0,0,0,0,,False,1241.4,0.01,827.6,689.6478719991137,0,75.2,en,False,0,0,0,True,False,False,0.0,district_administration,angular_spa,True
obs-5785f8e0f4f7,crawl-master-20260809-190429,0.1.0,dom-3ef6d792e1,https://bikaner.nic.in,https://bikaner.nic.in,2026-08-09T19:34:02.702228+00:00,homepage,True,502,407.7400249998391,False,False,,,0,0,0,0,0,,False,733.9,0.01,489.3,407.7400249998391,0,85.3,en,False,0,0,0,True,False,False,0.0,district_administration,angular_spa,True
obs-ac4cbcd875dd,crawl-master-20260809-190429,0.1.0,dom-7c6f808df1,https://ajmer.nic.in,https://ajmer.nic.in,2026-08-09T19:34:03.740116+00:00,homepage,True,502,684.9238020004123,False,False,,,0,0,0,0,0,,False,1232.9,0.01,821.9,684.9238020004123,0,75.3,en,False,0,0,0,True,False,False,0.0,district_administration,angular_spa,True
obs-4a0f20cf709c,crawl-master-20260809-190429,0.1.0,dom-dee35af9d6,https://udaipur.nic.in,https://udaipur.nic.in,2026-08-09T19:34:04.786452+00:00,homepage,True,502,712.485772999571,False,False,,,0,0,0,0,0,,False,1282.5,0.01,855.0,712.485772999571,0,74.3,en,False,0,0,0,True,False,False,0.0,district_administration,angular_spa,True
obs-3361f51c9e31,crawl-master-20260809-190429,0.1.0,dom-c0607ff0ac,https://bhilwara.nic.in,https://bhilwara.nic.in,2026-08-09T19:34:05.567176+00:00,homepage,True,502,727.2599710004215,False,False,,,0,0,0,0,0,,False,1309.1,0.01,872.7,727.2599710004215,0,73.8,en,False,0,0,0,True,False,False,0.0,district_administration,angular_spa,True
obs-eaf3285ddfe3,crawl-master-20260809-190429,0.1.0,dom-d310974fb0,https://alwar.nic.in,https://alwar.nic.in,2026-08-09T19:34:06.641010+00:00,homepage,True,502,690.4334990003917,False,False,,,0,0,0,0,0,,False,1242.8,0.01,828.5,690.4334990003917,0,75.1,en,False,0,0,0,True,False,False,0.0,district_administration,angular_spa,True
obs-ffb3c2ebaba1,crawl-master-20260809-190429,0.1.0,dom-7d377ba03e,https://sikar.nic.in,https://sikar.nic.in,2026-08-09T19:34:07.428626+00:00,homepage,True,502,678.0582330002289,False,False,,,0,0,0,0,0,,False,1220.5,0.01,813.7,678.0582330002289,0,75.6,en,False,0,0,0,True,False,False,0.0,district_administration,angular_spa,True
obs-8aae1f52ef73,crawl-master-20260809-190429,0.1.0,dom-75e0d93500,https://bharatpur.nic.in,https://bharatpur.nic.in,2026-08-09T19:34:08.198524+00:00,homepage,True,502,417.1774490005191,False,False,,,0,0,0,0,0,,False,750.9,0.01,500.6,417.1774490005191,0,85.0,en,False,0,0,0,True,False,False,0.0,district_administration,angular_spa,True
obs-ef3fb99ec675,crawl-master-20260809-190429,0.1.0,dom-c505e0a60a,https://pali.nic.in,https://pali.nic.in,2026-08-09T19:34:08.975212+00:00,homepage,True,502,722.8212360005273,False,False,,,0,0,0,0,0,,False,1301.1,0.01,867.4,722.8212360005273,0,74.0,en,False,0,0,0,True,False,False,0.0,district_administration,angular_spa,True
obs-f5b422a74c5b,crawl-master-20260809-190429,0.1.0,dom-170187bb20,https://chittorgarh.nic.in,https://chittorgarh.nic.in,2026-08-09T19:34:09.729188+00:00,homepage,True,502,396.8115150000813,False,False,,,0,0,0,0,0,,False,714.3,0.01,476.2,396.8115150000813,0,85.7,en,False,0,0,0,True,False,False,0.0,district_administration,angular_spa,True
obs-7ce0fc404baf,crawl-master-20260809-190429,0.1.0,dom-ded25b239e,https://bhopal.nic.in,https://bhopal.nic.in,2026-08-09T19:34:19.038776+00:00,homepage,True,200,7440.733168999941,True,True,TLSv1.3,49.0,0,0,0,0,0,100.0,False,13873.3,0.05,8928.9,7440.733168999941,237709,10.0,hi,True,1200,178,1,True,False,False,0.0,district_administration,angular_spa,True
obs-471015f560b2,crawl-master-20260809-190429,0.1.0,dom-888fb8c6a0,https://indore.nic.in,https://indore.nic.in,2026-08-09T19:34:24.809069+00:00,homepage,True,200,4849.734432000332,True,True,TLSv1.3,49.0,0,0,0,0,0,100.0,False,9186.7,0.05,5819.7,4849.734432000332,214360,10.0,hi,True,1143,197,1,True,False,False,0.0,district_administration,angular_spa,True
obs-59798cc394b7,crawl-master-20260809-190429,0.1.0,dom-92203247a5,https://gwalior.nic.in,https://gwalior.nic.in,2026-08-09T19:34:30.449630+00:00,homepage,True,200,4725.185132000661,True,True,TLSv1.3,49.0,0,0,0,0,0,100.0,False,8916.9,0.05,5670.2,4725.185132000661,209377,10.0,hi,True,1029,164,1,True,False,False,0.0,district_administration,angular_spa,True
obs-d30f36def3b1,crawl-master-20260809-190429,0.1.0,dom-fa25af2240,https://jabalpur.nic.in,https://jabalpur.nic.in,2026-08-09T19:34:38.344315+00:00,homepage,True,200,6081.1890280001535,True,True,TLSv1.3,49.0,0,0,0,0,0,100.0,False,11382.1,0.05,7297.4,6081.1890280001535,210430,10.0,hi,True,1090,158,1,True,False,False,0.0,district_administration,angular_spa,True
obs-ed487f2aa166,crawl-master-20260809-190429,0.1.0,dom-8049cb3934,https://ujjain.nic.in,https://ujjain.nic.in,2026-08-09T19:34:44.849342+00:00,homepage,True,200,4653.072045000044,True,True,TLSv1.3,49.0,2,0,1,0,1,93.0,True,8875.5,0.05,5583.7,4653.072045000044,227216,10.0,hi,True,1250,223,1,True,False,False,0.0,district_administration,angular_spa,True
obs-2ea93c54704b,crawl-master-20260809-190429,0.1.0,dom-e28832140d,https://sagar.nic.in,https://sagar.nic.in,2026-08-09T19:34:53.780774+00:00,homepage,True,200,5783.8933570001245,True,True,TLSv1.3,49.0,0,0,0,0,0,100.0,False,10873.0,0.05,6940.7,5783.8933570001245,222699,10.0,hi,True,1155,177,1,True,False,False,0.0,district_administration,angular_spa,True
obs-167bd7e43d1d,crawl-master-20260809-190429,0.1.0,dom-f9e4bff292,https://rewa.nic.in,https://rewa.nic.in,2026-08-09T19:35:00.909302+00:00,homepage,True,200,5018.120713999451,True,True,TLSv1.3,49.0,0,0,0,0,0,100.0,False,9489.4,0.05,6021.7,5018.120713999451,221213,10.0,hi,True,1142,183,1,True,False,False,0.0,district_administration,angular_spa,True
obs-11e6fd11956b,crawl-master-20260809-190429,0.1.0,dom-51b3c6244c,https://satna.nic.in,https://satna.nic.in,2026-08-09T19:35:07.546875+00:00,homepage,True,200,4701.283814999442,True,True,TLSv1.3,49.0,0,0,0,0,0,100.0,False,8876.7,0.05,5641.5,4701.283814999442,202268,10.0,hi,True,1036,158,1,True,True,True,100.0,district_administration,angular_spa,True
obs-b637ffd2819c,crawl-master-20260809-190429,0.1.0,dom-a6b75d6839,https://ratlam.nic.in,https://ratlam.nic.in,2026-08-09T19:35:14.207651+00:00,homepage,True,200,5694.490502000008,True,True,TLSv1.3,49.0,0,0,0,0,0,100.0,False,10742.1,0.05,6833.4,5694.490502000008,229058,10.0,hi,True,1230,186,1,True,False,False,0.0,district_administration,angular_spa,True
obs-9638d731069e,crawl-master-20260809-190429,0.1.0,dom-cfbc1a6a43,https://chhindwara.nic.in,https://chhindwara.nic.in,2026-08-09T19:35:21.419501+00:00,homepage,True,200,5024.928990999797,True,True,TLSv1.3,49.0,0,0,0,0,0,100.0,False,9522.9,0.05,6029.9,5024.928990999797,240063,10.0,hi,True,1195,203,1,True,True,True,100.0,district_administration,angular_spa,True
obs-326cde69e772,crawl-master-20260809-190429,0.1.0,dom-7f0e679749,https://patna.nic.in,https://patna.nic.in,2026-08-09T19:35:28.784663+00:00,homepage,True,200,5431.240741000693,True,True,TLSv1.3,49.0,0,0,0,0,0,100.0,False,10191.4,0.05,6517.5,5431.240741000693,189651,10.0,en,True,1038,158,1,True,True,True,100.0,district_administration,angular_spa,True
obs-80b4ef6a49a6,crawl-master-20260809-190429,0.1.0,dom-74262775c6,https://gaya.nic.in,https://gaya.nic.in,2026-08-09T19:35:35.512804+00:00,homepage,True,200,4811.836159999984,True,True,TLSv1.3,49.0,2,0,2,0,0,88.0,True,9032.5,0.05,5774.2,4811.836159999984,186173,10.0,en,True,928,183,1,True,True,True,100.0,district_administration,angular_spa,True
obs-0cf95235e963,crawl-master-20260809-190429,0.1.0,dom-ce2c7f7feb,https://bhagalpur.nic.in,https://bhagalpur.nic.in,2026-08-09T19:35:42.956599+00:00,homepage,True,200,6410.35820199977,True,True,TLSv1.3,49.0,0,0,0,0,0,100.0,False,11935.0,0.05,7692.4,6410.35820199977,186175,10.0,en,True,991,206,1,True,True,True,100.0,district_administration,wordpress,True
obs-5229778bd297,crawl-master-20260809-190429,0.1.0,dom-d2a3751020,https://muzaffarpur.nic.in,https://muzaffarpur.nic.in,2026-08-09T19:35:49.190895+00:00,homepage,True,200,5118.685043000369,True,True,TLSv1.3,49.0,0,0,0,0,0,100.0,False,9743.2,0.05,6142.4,5118.685043000369,223982,10.0,en,True,1324,283,1,True,True,True,100.0,district_administration,angular_spa,True
obs-f6293476fdab,crawl-master-20260809-190429,0.1.0,dom-1ee65c5d2f,https://purnia.nic.in,https://purnia.nic.in,2026-08-09T19:35:49.951103+00:00,homepage,True,502,418.3110359999773,False,False,,,0,0,0,0,0,,False,753.0,0.01,502.0,418.3110359999773,0,84.9,en,False,0,0,0,True,False,False,0.0,district_administration,angular_spa,True
obs-1f6cde821b65,crawl-master-20260809-190429,0.1.0,dom-e1b4380762,https://darbhanga.nic.in,https://darbhanga.nic.in,2026-08-09T19:35:58.046018+00:00,homepage,True,200,6145.173134999823,True,True,TLSv1.3,49.0,0,0,0,0,0,100.0,False,11605.3,0.05,7374.2,6145.173134999823,231283,10.0,en,True,1360,270,1,True,True,True,100.0,district_administration,angular_spa,True
obs-3b49b259bc47,crawl-master-20260809-190429,0.1.0,dom-422d62e939,https://biharsharif.nic.in,https://biharsharif.nic.in,2026-08-09T19:35:59.097472+00:00,homepage,True,502,710.6304369999634,False,False,,,0,0,0,0,0,,False,1279.1,0.01,852.8,710.6304369999634,0,74.4,en,False,0,0,0,True,False,False,0.0,district_administration,angular_spa,True
obs-586c552f9029,crawl-master-20260809-190429,0.1.0,dom-317a3053b5,https://arrah.nic.in,https://arrah.nic.in,2026-08-09T19:35:59.862177+00:00,homepage,True,502,423.5112169999411,False,False,,,0,0,0,0,0,,False,762.3,0.01,508.2,423.5112169999411,0,84.8,en,False,0,0,0,True,False,False,0.0,district_administration,angular_spa,True
obs-101492ccd2d2,crawl-master-20260809-190429,0.1.0,dom-a2c676e39d,https://begusarai.nic.in,https://begusarai.nic.in,2026-08-09T19:36:07.890274+00:00,homepage,True,200,7030.977426999925,True,True,TLSv1.3,49.0,0,0,0,0,0,100.0,False,13021.0,0.05,8437.2,7030.977426999925,167470,10.0,en,True,913,184,1,True,True,True,100.0,district_administration,angular_spa,True
obs-c302e9915fc6,crawl-master-20260809-190429,0.1.0,dom-c3ccca556b,https://katihar.nic.in,https://katihar.nic.in,2026-08-09T19:36:14.190084+00:00,homepage,True,200,5286.8438479999895,True,True,TLSv1.3,49.0,2,0,0,0,2,98.0,False,9936.3,0.05,6344.2,5286.8438479999895,182027,10.0,en,True,1050,242,1,True,True,True,100.0,district_administration,angular_spa,True
obs-b9ae476c3cd6,crawl-master-20260809-190429,0.1.0,dom-bffc5ba46b,https://thiruvananthapuram.nic.in,https://thiruvananthapuram.nic.in,2026-08-09T19:36:14.994179+00:00,homepage,True,502,691.8796340005429,False,False,,,0,0,0,0,0,,False,1245.4,0.01,830.3,691.8796340005429,0,75.1,en,False,0,0,0,True,False,False,0.0,district_administration,angular_spa,True
obs-2e0e50f031e1,crawl-master-20260809-190429,0.1.0,dom-ea29eb3f6a,https://ernakulam.nic.in,https://ernakulam.nic.in,2026-08-09T19:36:22.620301+00:00,homepage,True,200,5745.9313440003825,True,True,TLSv1.3,49.0,0,0,0,0,0,100.0,False,10773.5,0.05,6895.1,5745.9313440003825,218725,10.0,en,True,1077,195,1,True,False,False,0.0,district_administration,angular_spa,True
obs-1d32685a1288,crawl-master-20260809-190429,0.1.0,dom-280c729ac8,https://kozhikode.nic.in,https://kozhikode.nic.in,2026-08-09T19:36:30.317778+00:00,homepage,True,200,5800.942690000738,True,True,TLSv1.3,49.0,0,0,0,0,0,100.0,False,10827.7,0.05,6961.1,5800.942690000738,200561,10.0,en,True,965,208,1,True,True,True,100.0,district_administration,angular_spa,True
obs-450458d591dc,crawl-master-20260809-190429,0.1.0,dom-9533a260ac,https://thrissur.nic.in,https://thrissur.nic.in,2026-08-09T19:36:39.378837+00:00,homepage,True,200,7147.80388500003,True,True,TLSv1.3,49.0,0,0,0,0,0,100.0,False,13295.6,0.05,8577.4,7147.80388500003,229015,10.0,en,True,1074,189,1,True,True,True,100.0,district_administration,angular_spa,True
obs-5d30600bbefa,crawl-master-20260809-190429,0.1.0,dom-e9a945cd53,https://kollam.nic.in,https://kollam.nic.in,2026-08-09T19:36:46.026453+00:00,homepage,True,200,4870.103805999861,True,True,TLSv1.3,49.0,0,0,0,0,0,100.0,False,9135.8,0.05,5844.1,4870.103805999861,205890,10.0,en,True,924,156,1,True,False,False,0.0,district_administration,angular_spa,True
obs-ce8928853a90,crawl-master-20260809-190429,0.1.0,dom-7714ea87cb,https://palakkad.nic.in,https://palakkad.nic.in,2026-08-09T19:36:52.613326+00:00,homepage,True,200,4742.7311530000225,True,True,TLSv1.3,49.0,0,0,0,0,0,100.0,False,8993.7,0.05,5691.3,4742.7311530000225,235286,10.0,en,True,1142,170,1,True,False,False,0.0,district_administration,angular_spa,True
obs-9ae98dd3bf79,crawl-master-20260809-190429,0.1.0,dom-38fd53420e,https://alappuzha.nic.in,https://alappuzha.nic.in,2026-08-09T19:36:58.973259+00:00,homepage,True,200,4447.655665000639,True,True,TLSv1.3,49.0,0,0,0,0,0,100.0,False,8371.0,0.05,5337.2,4447.655665000639,197246,10.0,en,True,913,191,1,True,True,True,100.0,district_administration,angular_spa,True
obs-88e4080d5c3b,crawl-master-20260809-190429,0.1.0,dom-85ea49c2b6,https://kannur.nic.in,https://kannur.nic.in,2026-08-09T19:37:03.829891+00:00,homepage,True,200,4134.311865999734,True,True,TLSv1.3,49.0,0,0,0,0,0,100.0,False,7894.6,0.05,4961.2,4134.311865999734,229881,10.0,en,True,1132,185,1,True,False,False,0.0,district_administration,angular_spa,True
obs-b8e2d0f86d3d,crawl-master-20260809-190429,0.1.0,dom-96ef9f1a6e,https://kottayam.nic.in,https://kottayam.nic.in,2026-08-09T19:37:13.190381+00:00,homepage,True,200,7463.646174999667,True,True,TLSv1.3,49.0,0,0,0,0,0,100.0,False,13851.8,0.05,8956.4,7463.646174999667,224520,10.0,en,True,1043,218,1,True,True,True,100.0,district_administration,angular_spa,True
obs-ada844db8e2f,crawl-master-20260809-190429,0.1.0,dom-59b59ace60,https://malappuram.nic.in,https://malappuram.nic.in,2026-08-09T19:37:19.641628+00:00,homepage,True,200,4652.631107000161,True,True,TLSv1.3,49.0,0,0,0,0,0,100.0,False,8848.7,0.05,5583.2,4652.631107000161,243573,10.0,en,True,1185,229,1,True,False,False,0.0,district_administration,angular_spa,True
obs-52148e54c4fa,crawl-master-20260809-190429,0.1.0,dom-455acd5c97,https://wayanad.nic.in,https://wayanad.gov.in/,2026-08-09T19:37:42.723588+00:00,homepage,True,200,21683.233987000676,True,True,TLSv1.3,49.0,0,0,0,0,0,100.0,False,39380.6,0.05,26019.9,21683.233987000676,189809,10.0,en,True,877,149,1,True,True,True,100.0,district_administration,angular_spa,True
obs-e61b9626dd81,crawl-master-20260809-190429,0.1.0,dom-855132ecf2,https://idukki.nic.in,https://idukki.nic.in,2026-08-09T19:37:50.407359+00:00,homepage,True,200,5720.395742000619,True,True,TLSv1.3,49.0,0,0,0,0,0,100.0,False,10700.3,0.05,6864.5,5720.395742000619,209292,10.0,en,True,1009,181,1,True,True,True,100.0,district_administration,angular_spa,True
obs-3e26bedde520,crawl-master-20260809-190429,0.1.0,dom-2839c1fe90,https://kasaragod.nic.in,https://kasaragod.nic.in,2026-08-09T19:37:51.467766+00:00,homepage,True,502,1001.2051179992341,False,False,,,0,0,0,0,0,,False,1802.2,0.01,1201.4,1001.2051179992341,0,64.0,en,False,0,0,0,True,False,False,0.0,district_administration,angular_spa,True
obs-95db68110413,crawl-master-20260809-190429,0.1.0,dom-bd3fb394b5,https://kamrup.nic.in,https://kamrup.nic.in,2026-08-09T19:37:52.515101+00:00,homepage,True,502,684.250375999909,False,False,,,0,0,0,0,0,,False,1231.7,0.01,821.1,684.250375999909,0,75.4,en,False,0,0,0,True,False,False,0.0,district_administration,angular_spa,True
obs-b2dac5b7cd75,crawl-master-20260809-190429,0.1.0,dom-2c43a8daf0,https://kamrupmetro.nic.in,https://kamrupmetro.nic.in,2026-08-09T19:37:52.992937+00:00,homepage,True,502,417.17163100020116,False,False,,,0,0,0,0,0,,False,750.9,0.01,500.6,417.17163100020116,0,85.0,en,False,0,0,0,True,False,False,0.0,district_administration,angular_spa,True
obs-55b088ccbd6c,crawl-master-20260809-190429,0.1.0,dom-2bca06589d,https://dibrugarh.nic.in,https://dibrugarh.nic.in,2026-08-09T19:37:54.362178+00:00,homepage,True,502,692.3191129999395,False,False,,,0,0,0,0,0,,False,1246.2,0.01,830.8,692.3191129999395,0,75.1,en,False,0,0,0,True,False,False,0.0,district_administration,angular_spa,True
obs-930e60418b47,crawl-master-20260809-190429,0.1.0,dom-1193416185,https://silchar.nic.in,https://silchar.nic.in,2026-08-09T19:37:55.145947+00:00,homepage,True,502,724.5535699994434,False,False,,,0,0,0,0,0,,False,1304.2,0.01,869.5,724.5535699994434,0,73.9,en,False,0,0,0,True,False,False,0.0,district_administration,angular_spa,True
obs-918ecff0c4cf,crawl-master-20260809-190429,0.1.0,dom-17f5e7c368,https://jorhat.nic.in,https://jorhat.nic.in,2026-08-09T19:37:55.918383+00:00,homepage,True,502,716.0342309998668,False,False,,,0,0,0,0,0,,False,1288.9,0.01,859.2,716.0342309998668,0,74.2,en,False,0,0,0,True,False,False,0.0,district_administration,angular_spa,True
obs-08af8303faa9,crawl-master-20260809-190429,0.1.0,dom-b8d15590b5,https://nagaon.nic.in,https://nagaon.nic.in,2026-08-09T19:37:56.970204+00:00,homepage,True,502,712.603666999712,False,False,,,0,0,0,0,0,,False,1282.7,0.01,855.1,712.603666999712,0,74.3,en,False,0,0,0,True,False,False,0.0,district_administration,angular_spa,True
obs-6c37ff9bf941,crawl-master-20260809-190429,0.1.0,dom-7cec54628f,https://cachar.nic.in,https://cachar.nic.in,2026-08-09T19:37:57.704832+00:00,homepage,True,502,681.7694309993385,False,False,,,0,0,0,0,0,,False,1227.2,0.01,818.1,681.7694309993385,0,75.5,en,False,0,0,0,True,False,False,0.0,district_administration,angular_spa,True
obs-f77b25187f17,crawl-master-20260809-190429,0.1.0,dom-2372776963,https://tinsukia.nic.in,https://tinsukia.nic.in,2026-08-09T19:37:58.760621+00:00,homepage,True,502,998.7361559997225,False,False,,,0,0,0,0,0,,False,1797.7,0.01,1198.5,998.7361559997225,0,64.0,en,False,0,0,0,True,False,False,0.0,district_administration,angular_spa,True
obs-1b79d9c02fff,crawl-master-20260809-190429,0.1.0,dom-bb1e785278,https://sonitpur.nic.in,https://sonitpur.nic.in,2026-08-09T19:37:59.821311+00:00,homepage,True,502,716.1522180003885,False,False,,,0,0,0,0,0,,False,1289.1,0.01,859.4,716.1522180003885,0,74.2,en,False,0,0,0,True,False,False,0.0,district_administration,angular_spa,True
obs-61815b2cc1df,crawl-master-20260809-190429,0.1.0,dom-a0a3e2bcee,https://barpeta.nic.in,https://barpeta.nic.in,2026-08-09T19:38:00.882254+00:00,homepage,True,502,1007.5268239997968,False,False,,,0,0,0,0,0,,False,1813.5,0.01,1209.0,1007.5268239997968,0,63.7,en,False,0,0,0,True,False,False,0.0,district_administration,angular_spa,True
obs-21141601a917,crawl-master-20260809-190429,0.1.0,dom-c6f81c88a7,https://ludhiana.nic.in,https://ludhiana.nic.in,2026-08-09T19:38:09.149658+00:00,homepage,True,200,6956.674758999725,True,True,TLSv1.3,49.0,0,0,0,0,0,100.0,False,12962.4,0.05,8348.0,6956.674758999725,197421,10.0,en,True,1101,192,1,True,True,True,100.0,district_administration,wordpress,True
obs-9ed1d4c07c5e,crawl-master-20260809-190429,0.1.0,dom-a0f66679ca,https://amritsar.nic.in,https://amritsar.nic.in,2026-08-09T19:38:15.315437+00:00,homepage,True,200,4906.20773000046,True,True,TLSv1.3,64.0,0,0,0,0,0,100.0,False,9300.4,0.05,5887.4,4906.20773000046,202001,10.0,en,True,1173,227,1,True,False,False,0.0,district_administration,angular_spa,True
obs-12a2ed0537a9,crawl-master-20260809-190429,0.1.0,dom-413bef1901,https://jalandhar.nic.in,https://jalandhar.nic.in,2026-08-09T19:38:21.769497+00:00,homepage,True,200,5435.05224799992,True,True,TLSv1.3,49.0,0,0,0,0,0,100.0,False,10246.3,0.05,6522.1,5435.05224799992,196015,10.0,en,True,1158,186,1,True,False,False,0.0,district_administration,angular_spa,True
obs-6cee61b76506,crawl-master-20260809-190429,0.1.0,dom-f21bf7390c,https://patiala.nic.in,https://patiala.nic.in,2026-08-09T19:38:28.758915+00:00,homepage,True,200,5238.024500000392,True,True,TLSv1.3,49.0,0,0,0,0,0,100.0,False,9783.2,0.05,6285.6,5238.024500000392,178619,10.0,en,True,887,137,1,True,False,False,0.0,district_administration,angular_spa,True
obs-5e2d52eb7b2e,crawl-master-20260809-190429,0.1.0,dom-18472f789f,https://bathinda.nic.in,https://bathinda.nic.in,2026-08-09T19:38:35.358026+00:00,homepage,True,200,5705.056177000188,True,True,TLSv1.3,49.0,0,0,0,0,0,100.0,False,10591.9,0.05,6846.1,5705.056177000188,155050,10.0,en,True,807,147,1,True,False,False,0.0,district_administration,angular_spa,True
obs-18cd5b31302a,crawl-master-20260809-190429,0.1.0,dom-516106bcba,https://mohali.nic.in,https://mohali.nic.in,2026-08-09T19:38:36.397242+00:00,homepage,True,502,985.5703550001635,False,False,,,0,0,0,0,0,,False,1774.0,0.01,1182.7,985.5703550001635,0,64.5,en,False,0,0,0,True,False,False,0.0,district_administration,angular_spa,True
obs-be3183cbdea8,crawl-master-20260809-190429,0.1.0,dom-10f36de650,https://hoshiarpur.nic.in,https://hoshiarpur.nic.in,2026-08-09T19:38:44.005549+00:00,homepage,True,200,5657.899701999668,True,True,TLSv1.3,49.0,0,0,0,0,0,100.0,False,10707.4,0.05,6789.5,5657.899701999668,220883,10.0,en,True,1308,240,1,True,True,True,100.0,district_administration,angular_spa,True
obs-b001d362d6d9,crawl-master-20260809-190429,0.1.0,dom-8cbe8ab693,https://gurdaspur.nic.in,https://gurdaspur.nic.in,2026-08-09T19:38:52.963808+00:00,homepage,True,200,6968.526065000333,True,True,TLSv1.3,49.0,0,0,0,0,0,100.0,False,12866.1,0.05,8362.2,6968.526065000333,170699,10.0,en,True,807,159,1,True,True,True,100.0,district_administration,angular_spa,True
obs-66ed27b490b0,crawl-master-20260809-190429,0.1.0,dom-8e81f4a708,https://pathankot.nic.in,https://pathankot.nic.in,2026-08-09T19:39:00.272128+00:00,homepage,True,200,5939.642949999325,True,True,TLSv1.3,49.0,0,0,0,0,0,100.0,False,11109.8,0.05,7127.6,5939.642949999325,193818,10.0,en,True,1046,174,1,True,True,True,100.0,district_administration,angular_spa,True
obs-e72260cc4e3e,crawl-master-20260809-190429,0.1.0,dom-6979b0c929,https://gurugram.nic.in,https://gurugram.nic.in,2026-08-09T19:39:01.342754+00:00,homepage,True,502,1014.4525670002622,False,False,,,0,0,0,0,0,,False,1826.0,0.01,1217.3,1014.4525670002622,0,63.5,en,False,0,0,0,True,False,False,0.0,district_administration,angular_spa,True
obs-e30986d2d393,crawl-master-20260809-190429,0.1.0,dom-04fb8dc08c,https://faridabad.nic.in,https://faridabad.nic.in,2026-08-09T19:39:07.830494+00:00,homepage,True,200,5613.544155000454,True,True,TLSv1.3,49.0,0,0,0,0,0,100.0,False,10522.0,0.05,6736.3,5613.544155000454,189893,10.0,en,True,1044,179,1,True,False,False,0.0,district_administration,angular_spa,True
obs-c2ef1804558a,crawl-master-20260809-190429,0.1.0,dom-b73f19e2c1,https://panipat.nic.in,https://panipat.nic.in,2026-08-09T19:39:08.622861+00:00,homepage,True,502,739.0831359998629,False,False,,,0,0,0,0,0,,False,1330.3,0.01,886.9,739.0831359998629,0,73.4,en,False,0,0,0,True,False,False,0.0,district_administration,angular_spa,True
obs-b886af8cdbcd,crawl-master-20260809-190429,0.1.0,dom-e4d0a41a03,https://ambala.nic.in,https://ambala.nic.in,2026-08-09T19:39:59.496109+00:00,homepage,True,504,40151.41605200006,False,False,,,0,0,0,0,0,,False,72272.5,0.01,48181.7,40151.41605200006,0,10.0,en,False,0,0,0,True,False,False,0.0,district_administration,angular_spa,True
obs-67ff2d0e768d,crawl-master-20260809-190429,0.1.0,dom-1d0dec7700,https://karnal.nic.in,https://karnal.nic.in,2026-08-09T19:40:00.242844+00:00,homepage,True,502,693.1338210006288,False,False,,,0,0,0,0,0,,False,1247.6,0.01,831.8,693.1338210006288,0,75.0,en,False,0,0,0,True,False,False,0.0,district_administration,angular_spa,True
obs-b0d99220e5e5,crawl-master-20260809-190429,0.1.0,dom-0d467b66c2,https://hisar.nic.in,https://hisar.gov.in/,2026-08-09T19:40:14.650405+00:00,homepage,True,200,13326.06794899948,True,True,TLSv1.3,49.0,0,0,0,0,0,100.0,False,24652.1,0.05,15991.3,13326.06794899948,287286,10.0,en,True,1663,283,1,True,True,True,100.0,district_administration,angular_spa,True
obs-50a9cce3a089,crawl-master-20260809-190429,0.1.0,dom-c4ff5bfe19,https://rohtak.nic.in,https://rohtak.nic.in,2026-08-09T19:40:15.659404+00:00,homepage,True,502,955.0388710003972,False,False,,,0,0,0,0,0,,False,1719.1,0.01,1146.0,955.0388710003972,0,65.6,en,False,0,0,0,True,False,False,0.0,district_administration,angular_spa,True
obs-6ed971fc4d5d,crawl-master-20260809-190429,0.1.0,dom-95a473d91c,https://sonipat.nic.in,https://sonipat.gov.in/,2026-08-09T19:40:31.598896+00:00,homepage,True,200,13939.278703000127,True,True,TLSv1.3,67.0,1,0,1,0,0,94.0,True,25561.1,0.05,16727.1,13939.278703000127,206216,10.0,en,True,1176,183,1,True,True,True,100.0,district_administration,angular_spa,True
obs-2be725cb1b33,crawl-master-20260809-190429,0.1.0,dom-1959e7ad18,https://panchkula.nic.in,https://panchkula.nic.in,2026-08-09T19:40:38.911097+00:00,homepage,True,200,6021.949887000119,True,True,TLSv1.3,49.0,0,0,0,0,0,100.0,False,11169.9,0.05,7226.3,6021.949887000119,167833,10.0,en,True,826,158,1,True,True,True,100.0,district_administration,angular_spa,True
obs-b02a476fc525,crawl-master-20260809-190429,0.1.0,dom-406a35b0c3,https://khordha.nic.in,https://khordha.nic.in,2026-08-09T19:40:39.925224+00:00,homepage,True,502,668.4831669999767,False,False,,,0,0,0,0,0,,False,1203.3,0.01,802.2,668.4831669999767,0,75.9,en,False,0,0,0,True,False,False,0.0,district_administration,angular_spa,True
obs-718190a0d7f4,crawl-master-20260809-190429,0.1.0,dom-bc55f3b52d,https://cuttack.nic.in,https://cuttack.nic.in,2026-08-09T19:40:40.970027+00:00,homepage,True,502,991.3846800000101,False,False,,,0,0,0,0,0,,False,1784.5,0.01,1189.7,991.3846800000101,0,64.3,en,False,0,0,0,True,False,False,0.0,district_administration,angular_spa,True
obs-cc6ab1d86f26,crawl-master-20260809-190429,0.1.0,dom-b01ebec36c,https://ganjam.nic.in,https://ganjam.nic.in,2026-08-09T19:40:41.730364+00:00,homepage,True,502,406.37022999999317,False,False,,,0,0,0,0,0,,False,731.5,0.01,487.6,406.37022999999317,0,85.4,en,False,0,0,0,True,False,False,0.0,district_administration,angular_spa,True
obs-1b5465579200,crawl-master-20260809-190429,0.1.0,dom-e65adc05e5,https://puri.nic.in,https://puri.nic.in,2026-08-09T19:40:42.773456+00:00,homepage,True,502,986.3838419996682,False,False,,,0,0,0,0,0,,False,1775.5,0.01,1183.7,986.3838419996682,0,64.5,en,False,0,0,0,True,False,False,0.0,district_administration,angular_spa,True
obs-b0c77406eceb,crawl-master-20260809-190429,0.1.0,dom-79011f1805,https://balasore.nic.in,https://balasore.nic.in,2026-08-09T19:40:43.817496+00:00,homepage,True,502,697.5907370006098,False,False,,,0,0,0,0,0,,False,1255.7,0.01,837.1,697.5907370006098,0,74.9,en,False,0,0,0,True,False,False,0.0,district_administration,angular_spa,True
obs-2c24ea401407,crawl-master-20260809-190429,0.1.0,dom-af18db563f,https://sambalpur.nic.in,https://sambalpur.nic.in,2026-08-09T19:40:44.857994+00:00,homepage,True,502,680.3837910001675,False,False,,,0,0,0,0,0,,False,1224.7,0.01,816.5,680.3837910001675,0,75.5,en,False,0,0,0,True,False,False,0.0,district_administration,angular_spa,True
obs-ff125a6544fa,crawl-master-20260809-190429,0.1.0,dom-1b5cd0fb78,https://bhadrak.nic.in,https://bhadrak.nic.in,2026-08-09T19:40:45.619314+00:00,homepage,True,502,707.8411250004137,False,False,,,0,0,0,0,0,,False,1274.1,0.01,849.4,707.8411250004137,0,74.5,en,False,0,0,0,True,False,False,0.0,district_administration,angular_spa,True
obs-572440c89aab,crawl-master-20260809-190429,0.1.0,dom-310869bc3d,https://sundargarh.nic.in,https://sundargarh.nic.in,2026-08-09T19:40:46.376027+00:00,homepage,True,502,703.2922570006122,False,False,,,0,0,0,0,0,,False,1265.9,0.01,844.0,703.2922570006122,0,74.7,en,False,0,0,0,True,False,False,0.0,district_administration,angular_spa,True
obs-e7b3e286e9a4,crawl-master-20260809-190429,0.1.0,dom-d4ce8a815c,https://mayurbhanj.nic.in,https://mayurbhanj.nic.in,2026-08-09T19:40:47.725383+00:00,homepage,True,502,999.3842270005189,False,False,,,0,0,0,0,0,,False,1798.9,0.01,1199.3,999.3842270005189,0,64.0,en,False,0,0,0,True,False,False,0.0,district_administration,angular_spa,True
obs-effb8aea6bbe,crawl-master-20260809-190429,0.1.0,dom-4146a67ec2,https://hyderabad.nic.in,https://hyderabad.nic.in,2026-08-09T19:40:52.548416+00:00,homepage,True,502,3679.037891000007,False,False,,,0,0,0,0,0,,False,6622.3,0.01,4414.8,3679.037891000007,0,10.0,en,False,0,0,0,True,False,False,0.0,district_administration,angular_spa,True
obs-3007130577fe,crawl-master-20260809-190429,0.1.0,dom-9e1a7e95cd,https://rangareddy.nic.in,https://rangareddy.nic.in,2026-08-09T19:40:58.128690+00:00,homepage,True,502,4507.372728000519,False,False,,,0,0,0,0,0,,False,8113.3,0.01,5408.8,4507.372728000519,0,10.0,en,False,0,0,0,True,False,False,0.0,district_administration,angular_spa,True
obs-5fe363bb0b8e,crawl-master-20260809-190429,0.1.0,dom-c8f905d8f4,https://medchal.nic.in,https://medchal.nic.in,2026-08-09T19:40:59.195626+00:00,homepage,True,502,1012.8276590003225,False,False,,,0,0,0,0,0,,False,1823.1,0.01,1215.4,1012.8276590003225,0,63.5,en,False,0,0,0,True,False,False,0.0,district_administration,angular_spa,True
obs-44c0f23787e9,crawl-master-20260809-190429,0.1.0,dom-b9e33f998a,https://warangal.nic.in,https://warangal.telangana.gov.in/,2026-08-09T19:41:09.263481+00:00,homepage,True,200,8990.117504999944,True,True,TLSv1.3,49.0,0,0,0,0,0,100.0,False,16672.2,0.05,10788.1,8990.117504999944,214080,10.0,en,True,1225,196,1,True,True,True,100.0,district_administration,angular_spa,True
obs-445554fbfe7d,crawl-master-20260809-190429,0.1.0,dom-f1ae0c4fb4,https://khammam.nic.in,https://khammam.nic.in,2026-08-09T19:41:15.114015+00:00,homepage,True,502,5051.391105000221,False,False,,,0,0,0,0,0,,False,9092.5,0.01,6061.7,5051.391105000221,0,10.0,en,False,0,0,0,True,False,False,0.0,district_administration,angular_spa,True
obs-21fe8db968fa,crawl-master-20260809-190429,0.1.0,dom-58a6fce475,https://karimnagar.nic.in,https://karimnagar.nic.in,2026-08-09T19:41:21.974016+00:00,homepage,True,502,4908.229774000574,False,False,,,0,0,0,0,0,,False,8834.8,0.01,5889.9,4908.229774000574,0,10.0,en,False,0,0,0,True,False,False,0.0,district_administration,angular_spa,True
obs-80924c5a27ad,crawl-master-20260809-190429,0.1.0,dom-b3d0e01193,https://nizamabad.nic.in,https://nizamabad.telangana.gov.in/,2026-08-09T19:41:34.741788+00:00,homepage,True,200,10624.908032999883,True,True,TLSv1.3,49.0,0,0,0,0,0,100.0,False,19606.8,0.05,12749.9,10624.908032999883,209827,10.0,en,True,1205,210,1,True,True,True,100.0,district_administration,angular_spa,True
obs-2080c6e295ef,crawl-master-20260809-190429,0.1.0,dom-313650d9d6,https://nalgonda.nic.in,https://nalgonda.nic.in,2026-08-09T19:41:40.227357+00:00,homepage,True,502,4068.700548000379,False,False,,,0,0,0,0,0,,False,7323.7,0.01,4882.4,4068.700548000379,0,10.0,en,False,0,0,0,True,False,False,0.0,district_administration,angular_spa,True
obs-3a02a2d760e2,crawl-master-20260809-190429,0.1.0,dom-e42c59dfae,https://visakhapatnam.nic.in,https://visakhapatnam.ap.gov.in/,2026-08-09T19:42:02.294167+00:00,homepage,True,200,20754.42438800019,True,True,TLSv1.3,49.0,2,0,0,0,2,98.0,False,37844.4,0.05,24905.3,20754.42438800019,212480,10.0,en,True,1216,238,1,True,True,True,100.0,district_administration,angular_spa,True
obs-f6ddb0a91207,crawl-master-20260809-190429,0.1.0,dom-3ea1dcd398,https://vijayawada.nic.in,https://vijayawada.nic.in,2026-08-09T19:42:03.043799+00:00,homepage,True,502,696.3416389999111,False,False,,,0,0,0,0,0,,False,1253.4,0.01,835.6,696.3416389999111,0,74.9,en,False,0,0,0,True,False,False,0.0,district_administration,angular_spa,True
obs-fc4c0883d698,crawl-master-20260809-190429,0.1.0,dom-94a41ebbc7,https://guntur.nic.in,https://guntur.ap.gov.in/,2026-08-09T19:42:22.992000+00:00,homepage,True,200,18833.73602500069,True,True,TLSv1.3,49.0,1,0,1,0,0,94.0,True,34483.1,0.05,22600.5,18833.73602500069,207045,10.0,en,True,1456,267,1,True,True,True,100.0,district_administration,angular_spa,True
obs-53a997fb6b68,crawl-master-20260809-190429,0.1.0,dom-60dabcca8b,https://nellore.nic.in,https://nellore.nic.in,2026-08-09T19:42:23.724370+00:00,homepage,True,502,678.1206059995384,False,False,,,0,0,0,0,0,,False,1220.6,0.01,813.7,678.1206059995384,0,75.6,en,False,0,0,0,True,False,False,0.0,district_administration,angular_spa,True
obs-b77b24011f29,crawl-master-20260809-190429,0.1.0,dom-9b72213d96,https://kurnool.nic.in,https://kurnool.ap.gov.in/,2026-08-09T19:42:41.372461+00:00,homepage,True,200,10715.237646999412,True,True,TLSv1.3,49.0,0,0,0,0,0,100.0,False,19838.2,0.05,12858.3,10715.237646999412,232697,10.0,en,True,1377,221,1,True,True,True,100.0,district_administration,angular_spa,True
obs-996d88caa4cb,crawl-master-20260809-190429,0.1.0,dom-44cf72d828,https://tirupati.nic.in,https://tirupati.nic.in,2026-08-09T19:42:42.450378+00:00,homepage,True,502,1022.4434219999239,False,False,,,0,0,0,0,0,,False,1840.4,0.01,1226.9,1022.4434219999239,0,63.2,en,False,0,0,0,True,False,False,0.0,district_administration,angular_spa,True
obs-a16ed313b8e0,crawl-master-20260809-190429,0.1.0,dom-af135b3340,https://kadapa.nic.in,https://kadapa.nic.in,2026-08-09T19:42:54.748657+00:00,homepage,True,502,9582.28022700041,False,False,,,0,0,0,0,0,,False,17248.1,0.01,11498.7,9582.28022700041,0,10.0,en,False,0,0,0,True,False,False,0.0,district_administration,angular_spa,True
obs-86ef880f0509,crawl-master-20260809-190429,0.1.0,dom-f56db6a8fb,https://kakinada.nic.in,https://kakinada.nic.in,2026-08-09T19:42:55.498463+00:00,homepage,True,502,696.055792000152,False,False,,,0,0,0,0,0,,False,1252.9,0.01,835.3,696.055792000152,0,74.9,en,False,0,0,0,True,False,False,0.0,district_administration,angular_spa,True
obs-ca2044a64c7e,crawl-master-20260809-190429,0.1.0,dom-9a5ac568d3,https://anantapur.nic.in,https://anantapur.nic.in,2026-08-09T19:42:56.526373+00:00,homepage,True,502,974.7383949998039,False,False,,,0,0,0,0,0,,False,1754.5,0.01,1169.7,974.7383949998039,0,64.9,en,False,0,0,0,True,False,False,0.0,district_administration,angular_spa,True
